id	label
EPI_ISL_167102	0
EPI_ISL_158519	0
EPI_ISL_93952	0
EPI_ISL_216623	0
EPI_ISL_216566	0
EPI_ISL_365527	0
EPI_ISL_216708	0
EPI_ISL_6780603	0
EPI_ISL_256476	0
EPI_ISL_95418	0
EPI_ISL_179384	0
EPI_ISL_376267	0
EPI_ISL_64388	0
EPI_ISL_199310	0
EPI_ISL_370669	0
EPI_ISL_200586	0
EPI_ISL_170078	0
EPI_ISL_189491	0
EPI_ISL_9572782	0
EPI_ISL_378293	0
EPI_ISL_224894	0
EPI_ISL_158471	0
EPI_ISL_200544	0
EPI_ISL_235758	0
EPI_ISL_373081	0
EPI_ISL_99378	0
EPI_ISL_189503	0
EPI_ISL_327777	0
EPI_ISL_163898	0
EPI_ISL_99381	0
EPI_ISL_142458	0
EPI_ISL_181116	0
EPI_ISL_502692	0
EPI_ISL_85062	0
EPI_ISL_376307	0
EPI_ISL_181123	0
EPI_ISL_9572755	0
EPI_ISL_9572822	0
EPI_ISL_502693	0
EPI_ISL_235757	0
EPI_ISL_9572817	0
EPI_ISL_99413	0
EPI_ISL_33850	0
EPI_ISL_397535	0
EPI_ISL_258576	0
EPI_ISL_158516	0
EPI_ISL_506157	0
EPI_ISL_309592	0
EPI_ISL_103836	0
EPI_ISL_104479	0
EPI_ISL_379050	0
EPI_ISL_216539	0
EPI_ISL_141329	0
EPI_ISL_200495	0
EPI_ISL_163899	0
EPI_ISL_216700	0
EPI_ISL_216676	0
EPI_ISL_235762	0
EPI_ISL_506158	0
EPI_ISL_502640	0
EPI_ISL_379968	0
EPI_ISL_376275	0
EPI_ISL_199315	0
EPI_ISL_134964	0
EPI_ISL_64381	0
EPI_ISL_258583	0
EPI_ISL_256467	0
EPI_ISL_216618	0
EPI_ISL_6933	0
EPI_ISL_142398	0
EPI_ISL_212045	0
EPI_ISL_93956	0
EPI_ISL_99441	0
EPI_ISL_181117	0
EPI_ISL_158449	0
EPI_ISL_14989784	0
EPI_ISL_158451	0
EPI_ISL_216687	0
EPI_ISL_284779	0
EPI_ISL_243735	0
EPI_ISL_22553	0
EPI_ISL_237791	0
EPI_ISL_200477	0
EPI_ISL_142407	0
EPI_ISL_5345	0
EPI_ISL_309624	0
EPI_ISL_134927	0
EPI_ISL_8434	0
EPI_ISL_13732935	0
EPI_ISL_328958	0
EPI_ISL_9572790	0
EPI_ISL_252831	0
EPI_ISL_99439	0
EPI_ISL_266398	0
EPI_ISL_9572772	0
EPI_ISL_216591	0
EPI_ISL_9572786	0
EPI_ISL_506155	0
EPI_ISL_224896	0
EPI_ISL_4591	0
EPI_ISL_266403	0
EPI_ISL_368626	0
EPI_ISL_378354	0
EPI_ISL_93960	0
EPI_ISL_216686	0
EPI_ISL_158466	0
EPI_ISL_28842	0
EPI_ISL_134951	0
EPI_ISL_216694	0
EPI_ISL_141119	0
EPI_ISL_158481	0
EPI_ISL_370670	0
EPI_ISL_93962	0
EPI_ISL_64380	0
EPI_ISL_163897	0
EPI_ISL_93972	0
EPI_ISL_142328	0
EPI_ISL_243748	0
EPI_ISL_8456	0
EPI_ISL_282917	0
EPI_ISL_216620	0
EPI_ISL_158446	0
EPI_ISL_81847	0
EPI_ISL_378355	0
EPI_ISL_502697	0
EPI_ISL_13732936	0
EPI_ISL_216622	0
EPI_ISL_200488	0
EPI_ISL_14767437	0
EPI_ISL_266404	0
EPI_ISL_378361	0
EPI_ISL_266405	0
EPI_ISL_81844	0
EPI_ISL_133620	0
EPI_ISL_7020	0
EPI_ISL_376354	0
EPI_ISL_99371	0
EPI_ISL_294054	0
EPI_ISL_99367	0
EPI_ISL_131765	0
EPI_ISL_167103	0
EPI_ISL_7021	0
EPI_ISL_133596	0
EPI_ISL_8807	0
EPI_ISL_199321	0
EPI_ISL_63573	0
EPI_ISL_9572810	0
EPI_ISL_167460	0
EPI_ISL_31598	0
EPI_ISL_165793	0
EPI_ISL_174913	0
EPI_ISL_7172	0
EPI_ISL_133594	0
EPI_ISL_161095	0
EPI_ISL_95434	0
EPI_ISL_22551	0
EPI_ISL_95420	0
EPI_ISL_502684	0
EPI_ISL_258571	0
EPI_ISL_257135	0
EPI_ISL_142402	0
EPI_ISL_6999	0
EPI_ISL_99365	0
EPI_ISL_257117	0
EPI_ISL_401826	0
EPI_ISL_131865	0
EPI_ISL_376281	0
EPI_ISL_376202	0
EPI_ISL_158470	0
EPI_ISL_243742	0
EPI_ISL_99382	0
EPI_ISL_81845	0
EPI_ISL_216619	0
EPI_ISL_257118	0
EPI_ISL_99362	0
EPI_ISL_370668	0
EPI_ISL_162255	0
EPI_ISL_82483	0
EPI_ISL_216710	0
EPI_ISL_99370	0
EPI_ISL_99375	0
EPI_ISL_309627	0
EPI_ISL_64391	0
EPI_ISL_99443	0
EPI_ISL_200506	0
EPI_ISL_99376	0
EPI_ISL_13734228	0
EPI_ISL_502639	0
EPI_ISL_81853	0
EPI_ISL_337569	0
EPI_ISL_8925	0
EPI_ISL_502690	0
EPI_ISL_85061	0
EPI_ISL_309625	0
EPI_ISL_200618	0
EPI_ISL_22552	0
EPI_ISL_216698	0
EPI_ISL_200572	0
EPI_ISL_158464	0
EPI_ISL_127582	0
EPI_ISL_313694	1
EPI_ISL_166625	1
EPI_ISL_16834761	1
EPI_ISL_405218	1
EPI_ISL_5581	1
EPI_ISL_5157	1
EPI_ISL_514047	1
EPI_ISL_206207	1
EPI_ISL_16837125	1
EPI_ISL_8558086	1
EPI_ISL_7637944	1
EPI_ISL_145692	1
EPI_ISL_12107419	1
EPI_ISL_13044316	1
EPI_ISL_289406	1
EPI_ISL_148063	1
EPI_ISL_339689	1
EPI_ISL_12107435	1
EPI_ISL_299917	1
EPI_ISL_404596	1
EPI_ISL_16869548	1
EPI_ISL_514010	1
EPI_ISL_169304	1
EPI_ISL_301437	1
EPI_ISL_362341	1
EPI_ISL_348511	1
EPI_ISL_402219	1
EPI_ISL_16920124	1
EPI_ISL_258921	1
EPI_ISL_287462	1
EPI_ISL_13284612	1
EPI_ISL_16872404	1
EPI_ISL_13054962	1
EPI_ISL_286582	1
EPI_ISL_405256	1
EPI_ISL_407965	1
EPI_ISL_316104	1
EPI_ISL_10828103	1
EPI_ISL_16491559	1
EPI_ISL_14021670	1
EPI_ISL_16552832	1
EPI_ISL_74159	1
EPI_ISL_220303	1
EPI_ISL_8558049	1
EPI_ISL_168694	1
EPI_ISL_15291315	1
EPI_ISL_284159	1
EPI_ISL_329797	1
EPI_ISL_267075	1
EPI_ISL_189278	1
EPI_ISL_322944	1
EPI_ISL_11407125	1
EPI_ISL_12729741	1
EPI_ISL_298033	1
EPI_ISL_8377545	1
EPI_ISL_364375	1
EPI_ISL_336166	1
EPI_ISL_5935419	1
EPI_ISL_12942997	1
EPI_ISL_11668766	1
EPI_ISL_11958647	1
EPI_ISL_7930	1
EPI_ISL_259265	1
EPI_ISL_14466695	1
EPI_ISL_411878	1
EPI_ISL_270488	1
EPI_ISL_359259	1
EPI_ISL_366588	1
EPI_ISL_3100997	1
EPI_ISL_14056457	1
EPI_ISL_261856	1
EPI_ISL_361524	1
EPI_ISL_16740086	1
EPI_ISL_336715	1
EPI_ISL_291642	1
EPI_ISL_249984	1
EPI_ISL_14712407	1
EPI_ISL_62509	1
EPI_ISL_174134	1
EPI_ISL_358710	1
EPI_ISL_358211	1
EPI_ISL_10827005	1
EPI_ISL_16619043	1
EPI_ISL_286707	1
EPI_ISL_12219327	1
EPI_ISL_311858	1
EPI_ISL_11496734	1
EPI_ISL_176692	1
EPI_ISL_7173973	1
EPI_ISL_402436	1
EPI_ISL_15393527	1
EPI_ISL_14466055	1
EPI_ISL_299963	1
EPI_ISL_197492	1
EPI_ISL_15929480	1
EPI_ISL_9390599	1
EPI_ISL_338265	1
EPI_ISL_172838	1
EPI_ISL_360389	1
EPI_ISL_352050	1
EPI_ISL_16831031	1
EPI_ISL_239691	1
EPI_ISL_717649	1
EPI_ISL_205398	1
EPI_ISL_359054	1
EPI_ISL_197788	1
EPI_ISL_15740749	1
EPI_ISL_207440	1
EPI_ISL_16848210	1
EPI_ISL_241611	1
EPI_ISL_11499464	1
EPI_ISL_359980	1
EPI_ISL_16589647	1
EPI_ISL_273858	1
EPI_ISL_400613	1
EPI_ISL_220314	1
EPI_ISL_286989	1
EPI_ISL_11449438	1
EPI_ISL_339692	1
EPI_ISL_16590314	1
EPI_ISL_6862934	1
EPI_ISL_233005	1
EPI_ISL_11258934	1
EPI_ISL_16825354	1
EPI_ISL_12647000	1
EPI_ISL_12805363	1
EPI_ISL_286339	1
EPI_ISL_16631823	1
EPI_ISL_90475	1
EPI_ISL_16749112	1
EPI_ISL_289531	1
EPI_ISL_5679	1
EPI_ISL_360805	1
EPI_ISL_240320	1
EPI_ISL_409081	1
EPI_ISL_8936941	1
EPI_ISL_341049	1
EPI_ISL_882850	1
EPI_ISL_240329	1
EPI_ISL_16834754	1
EPI_ISL_12000422	1
EPI_ISL_152568	1
EPI_ISL_286630	1
EPI_ISL_205621	1
EPI_ISL_8189	1
EPI_ISL_16201431	1
EPI_ISL_15807304	1
EPI_ISL_261853	1
EPI_ISL_402416	1
EPI_ISL_370324	1
EPI_ISL_487242	1
EPI_ISL_16881219	1
EPI_ISL_237480	1
EPI_ISL_4992	1
EPI_ISL_14755432	1
EPI_ISL_12646599	1
EPI_ISL_158668	1
EPI_ISL_11497675	1
EPI_ISL_379843	1
EPI_ISL_16100775	1
EPI_ISL_249993	1
EPI_ISL_175198	1
EPI_ISL_6478	1
EPI_ISL_263022	1
EPI_ISL_315007	1
EPI_ISL_14906666	1
EPI_ISL_12716253	1
EPI_ISL_206139	1
EPI_ISL_14326785	1
EPI_ISL_168721	1
EPI_ISL_359622	1
EPI_ISL_380784	1
EPI_ISL_169341	1
EPI_ISL_175230	1
EPI_ISL_365503	1
EPI_ISL_15139010	1
EPI_ISL_13724280	1
EPI_ISL_275843	1
EPI_ISL_169926	1
EPI_ISL_13655452	1
EPI_ISL_206241	1
EPI_ISL_16886616	1
EPI_ISL_194967	1
EPI_ISL_113035	1
EPI_ISL_237379	1
EPI_ISL_16743964	1
EPI_ISL_167911	1
EPI_ISL_11635006	1
EPI_ISL_14819744	1
EPI_ISL_270403	1
EPI_ISL_468329	1
EPI_ISL_304329	1
EPI_ISL_348473	1
EPI_ISL_16811176	1
EPI_ISL_9033419	1
EPI_ISL_8813580	1
EPI_ISL_11349475	1
EPI_ISL_380907	1
EPI_ISL_215803	1
EPI_ISL_291379	1
EPI_ISL_529129	1
EPI_ISL_77753	1
EPI_ISL_9702161	1
EPI_ISL_308956	1
EPI_ISL_16848219	1
EPI_ISL_15288449	1
EPI_ISL_13774680	1
EPI_ISL_16102274	1
EPI_ISL_16872350	1
EPI_ISL_359885	1
EPI_ISL_491770	1
EPI_ISL_416794	1
EPI_ISL_11563863	1
EPI_ISL_367743	1
EPI_ISL_13148924	1
EPI_ISL_13284143	1
EPI_ISL_258330	1
EPI_ISL_409385	1
EPI_ISL_359632	1
EPI_ISL_16645159	1
EPI_ISL_242711	1
EPI_ISL_387239	1
EPI_ISL_9390834	1
EPI_ISL_117954	1
EPI_ISL_15602033	1
EPI_ISL_12339080	1
EPI_ISL_331682	1
EPI_ISL_12641710	1
EPI_ISL_12219532	1
EPI_ISL_208776	1
EPI_ISL_277870	1
EPI_ISL_342207	1
EPI_ISL_14466039	1
EPI_ISL_172765	1
EPI_ISL_303335	1
EPI_ISL_357129	1
EPI_ISL_329741	1
EPI_ISL_268340	1
EPI_ISL_12995115	1
EPI_ISL_203559	1
EPI_ISL_8602	1
EPI_ISL_359611	1
EPI_ISL_188883	1
EPI_ISL_15807528	1
EPI_ISL_395447	1
EPI_ISL_264491	1
EPI_ISL_535304	1
EPI_ISL_368169	1
EPI_ISL_16848224	1
EPI_ISL_172785	1
EPI_ISL_9013	1
EPI_ISL_6531	1
EPI_ISL_303359	1
EPI_ISL_9236	1
EPI_ISL_409112	1
EPI_ISL_359890	1
EPI_ISL_15806954	1
EPI_ISL_12713238	1
EPI_ISL_358712	1
EPI_ISL_215620	1
EPI_ISL_16201348	1
EPI_ISL_313705	1
EPI_ISL_363436	1
EPI_ISL_8814235	1
EPI_ISL_16772777	1
EPI_ISL_14036186	1
EPI_ISL_336743	1
EPI_ISL_428534	1
EPI_ISL_14387922	1
EPI_ISL_16766289	1
EPI_ISL_10825998	1
EPI_ISL_14180729	1
EPI_ISL_16400680	1
EPI_ISL_16658105	1
EPI_ISL_264471	1
EPI_ISL_14903204	1
EPI_ISL_16868644	1
EPI_ISL_16608865	1
EPI_ISL_16533876	1
EPI_ISL_16749503	1
EPI_ISL_287276	1
EPI_ISL_288145	1
EPI_ISL_205778	1
EPI_ISL_593785	1
EPI_ISL_229786	1
EPI_ISL_419114	1
EPI_ISL_176961	1
EPI_ISL_313729	1
EPI_ISL_14225339	1
EPI_ISL_376760	1
EPI_ISL_16834489	1
EPI_ISL_362612	1
EPI_ISL_273625	1
EPI_ISL_107210	1
EPI_ISL_338400	1
EPI_ISL_193354	1
EPI_ISL_211936	1
EPI_ISL_16045848	1
EPI_ISL_408372	1
EPI_ISL_201215	1
EPI_ISL_13026485	1
EPI_ISL_14465864	1
EPI_ISL_16198126	1
EPI_ISL_287349	1
EPI_ISL_359558	1
EPI_ISL_362411	1
EPI_ISL_365588	1
EPI_ISL_14145083	1
EPI_ISL_308944	1
EPI_ISL_348207	1
EPI_ISL_14218996	1
EPI_ISL_15082358	1
EPI_ISL_16657578	1
EPI_ISL_174172	1
EPI_ISL_345223	1
EPI_ISL_4062122	1
EPI_ISL_16763924	1
EPI_ISL_408359	1
EPI_ISL_177070	1
EPI_ISL_333448	1
EPI_ISL_459767	1
EPI_ISL_14261904	1
EPI_ISL_275763	1
EPI_ISL_188860	1
EPI_ISL_16033001	1
EPI_ISL_275968	1
EPI_ISL_16384400	1
EPI_ISL_16044209	1
EPI_ISL_16196681	1
EPI_ISL_15602002	1
EPI_ISL_335689	1
EPI_ISL_16740074	1
EPI_ISL_297352	1
EPI_ISL_398354	1
EPI_ISL_296593	1
EPI_ISL_194129	1
EPI_ISL_89584	1
EPI_ISL_336534	1
EPI_ISL_290660	1
EPI_ISL_219177	1
EPI_ISL_380872	1
EPI_ISL_12676424	1
EPI_ISL_152651	1
EPI_ISL_12429533	1
EPI_ISL_6901977	1
EPI_ISL_235254	1
EPI_ISL_421116	1
EPI_ISL_7404284	1
EPI_ISL_8833721	1
EPI_ISL_12579879	1
EPI_ISL_16833877	1
EPI_ISL_77624	1
EPI_ISL_16201636	1
EPI_ISL_396207	1
EPI_ISL_396984	1
EPI_ISL_256954	1
EPI_ISL_242610	1
EPI_ISL_237431	1
EPI_ISL_288123	1
EPI_ISL_6902014	1
EPI_ISL_329851	1
EPI_ISL_338614	1
EPI_ISL_114247	1
EPI_ISL_389780	1
EPI_ISL_360378	1
EPI_ISL_471000	1
EPI_ISL_400518	1
EPI_ISL_273955	1
EPI_ISL_339755	1
EPI_ISL_262752	1
EPI_ISL_369599	1
EPI_ISL_287433	1
EPI_ISL_11407113	1
EPI_ISL_16477451	1
EPI_ISL_10826910	1
EPI_ISL_266701	1
EPI_ISL_286041	1
EPI_ISL_13026419	1
EPI_ISL_269826	1
EPI_ISL_13175664	1
EPI_ISL_9260511	1
EPI_ISL_8558054	1
EPI_ISL_12893607	1
EPI_ISL_360024	1
EPI_ISL_223197	1
EPI_ISL_405211	1
EPI_ISL_341184	1
EPI_ISL_16444472	1
EPI_ISL_9029169	1
EPI_ISL_16546393	1
EPI_ISL_30240	1
EPI_ISL_303111	1
EPI_ISL_6901998	1
EPI_ISL_16757409	1
EPI_ISL_8813815	1
EPI_ISL_264476	1
EPI_ISL_365767	1
EPI_ISL_22826	1
EPI_ISL_327697	1
EPI_ISL_300215	1
EPI_ISL_14903818	1
EPI_ISL_16613585	1
EPI_ISL_9260856	1
EPI_ISL_7257168	1
EPI_ISL_202123	1
EPI_ISL_115414	1
EPI_ISL_882822	1
EPI_ISL_428568	1
EPI_ISL_15025095	1
EPI_ISL_428539	1
EPI_ISL_487467	1
EPI_ISL_372738	1
EPI_ISL_12567878	1
EPI_ISL_5401	1
EPI_ISL_362170	1
EPI_ISL_409343	1
EPI_ISL_16471161	1
EPI_ISL_5056427	1
EPI_ISL_390624	1
EPI_ISL_169326	1
EPI_ISL_281738	1
EPI_ISL_11533784	1
EPI_ISL_16869842	1
EPI_ISL_299989	1
EPI_ISL_14326686	1
EPI_ISL_364011	1
EPI_ISL_211692	1
EPI_ISL_14014965	1
EPI_ISL_300217	1
EPI_ISL_255575	1
EPI_ISL_13026452	1
EPI_ISL_286668	1
EPI_ISL_15701452	1
EPI_ISL_175243	1
EPI_ISL_16201587	1
EPI_ISL_287202	1
EPI_ISL_359895	1
EPI_ISL_356542	1
EPI_ISL_225096	1
EPI_ISL_197756	1
EPI_ISL_341087	1
EPI_ISL_14771219	1
EPI_ISL_14116582	1
EPI_ISL_380736	1
EPI_ISL_16755752	1
EPI_ISL_6902165	1
EPI_ISL_120383	1
EPI_ISL_8814221	1
EPI_ISL_14218981	1
EPI_ISL_348236	1
EPI_ISL_355843	1
EPI_ISL_10827017	1
EPI_ISL_11959409	1
EPI_ISL_14930537	1
EPI_ISL_242705	1
EPI_ISL_360726	1
EPI_ISL_13148841	1
EPI_ISL_13284262	1
EPI_ISL_16024320	1
EPI_ISL_186576	1
EPI_ISL_10073557	1
EPI_ISL_264426	1
EPI_ISL_12646184	1
EPI_ISL_16682000	1
EPI_ISL_176732	1
EPI_ISL_14466023	1
EPI_ISL_400802	1
EPI_ISL_166459	1
EPI_ISL_355552	1
EPI_ISL_205612	1
EPI_ISL_303152	1
EPI_ISL_16835657	1
EPI_ISL_242647	1
EPI_ISL_15714996	1
EPI_ISL_16024345	1
EPI_ISL_16836818	1
EPI_ISL_403823	1
EPI_ISL_175235	1
EPI_ISL_390131	1
EPI_ISL_16054074	1
EPI_ISL_513986	1
EPI_ISL_240796	1
EPI_ISL_16269114	1
EPI_ISL_305054	1
EPI_ISL_16054061	1
EPI_ISL_359937	1
EPI_ISL_15394424	1
EPI_ISL_224050	1
EPI_ISL_285663	1
EPI_ISL_12567904	1
EPI_ISL_402157	1
EPI_ISL_235620	1
EPI_ISL_391584	1
EPI_ISL_242730	1
EPI_ISL_6638	1
EPI_ISL_8558022	1
EPI_ISL_287297	1
EPI_ISL_9047	1
EPI_ISL_248488	1
EPI_ISL_286403	1
EPI_ISL_360563	1
EPI_ISL_232993	1
EPI_ISL_188842	1
EPI_ISL_16872333	1
EPI_ISL_16028380	1
EPI_ISL_259083	1
EPI_ISL_359377	1
EPI_ISL_356309	1
EPI_ISL_14924336	1
EPI_ISL_268344	1
EPI_ISL_16761535	1
EPI_ISL_170678	1
EPI_ISL_203420	1
EPI_ISL_240593	1
EPI_ISL_197794	1
EPI_ISL_14036125	1
EPI_ISL_9039	1
EPI_ISL_314407	1
EPI_ISL_211916	1
EPI_ISL_402374	1
EPI_ISL_202927	1
EPI_ISL_16761582	1
EPI_ISL_8810266	1
EPI_ISL_335612	1
EPI_ISL_9260818	1
EPI_ISL_12471316	1
EPI_ISL_13027991	1
EPI_ISL_6653	1
EPI_ISL_289753	1
EPI_ISL_11533918	1
EPI_ISL_12567901	1
EPI_ISL_14056412	1
EPI_ISL_120362	1
EPI_ISL_256151	1
EPI_ISL_376603	1
EPI_ISL_283051	1
EPI_ISL_372540	1
EPI_ISL_12722104	1
EPI_ISL_6982	1
EPI_ISL_303362	1
EPI_ISL_176623	1
EPI_ISL_358357	1
EPI_ISL_93651	1
EPI_ISL_152464	1
EPI_ISL_305449	1
EPI_ISL_285696	1
EPI_ISL_352002	1
EPI_ISL_16744271	1
EPI_ISL_359022	1
EPI_ISL_360132	1
EPI_ISL_8694328	1
EPI_ISL_1064127	1
EPI_ISL_410759	1
EPI_ISL_244767	1
EPI_ISL_8557866	1
EPI_ISL_331753	1
EPI_ISL_235072	1
EPI_ISL_13054947	1
EPI_ISL_259746	1
EPI_ISL_364361	1
EPI_ISL_13774691	1
EPI_ISL_360109	1
EPI_ISL_12429497	1
EPI_ISL_11112383	1
EPI_ISL_16100773	1
EPI_ISL_304303	1
EPI_ISL_240319	1
EPI_ISL_11533822	1
EPI_ISL_281737	1
EPI_ISL_16717075	1
EPI_ISL_16830193	1
EPI_ISL_16201347	1
EPI_ISL_286555	1
EPI_ISL_365771	1
EPI_ISL_14924354	1
EPI_ISL_363978	1
EPI_ISL_16215300	1
EPI_ISL_355742	1
EPI_ISL_380788	1
EPI_ISL_360464	1
EPI_ISL_341086	1
EPI_ISL_766810	1
EPI_ISL_281461	1
EPI_ISL_288219	1
EPI_ISL_15291313	1
EPI_ISL_10825993	1
EPI_ISL_357186	1
EPI_ISL_15929487	1
EPI_ISL_402257	1
EPI_ISL_402227	1
EPI_ISL_286133	1
EPI_ISL_152380	1
EPI_ISL_16757447	1
EPI_ISL_275772	1
EPI_ISL_222028	1
EPI_ISL_14225337	1
EPI_ISL_405125	1
EPI_ISL_366133	1
EPI_ISL_13148902	1
EPI_ISL_401514	1
EPI_ISL_408328	1
EPI_ISL_6219	1
EPI_ISL_257209	1
EPI_ISL_347970	1
EPI_ISL_359373	1
EPI_ISL_14906682	1
EPI_ISL_285991	1
EPI_ISL_373462	1
EPI_ISL_338713	1
EPI_ISL_402449	1
EPI_ISL_15888810	1
EPI_ISL_16837113	1
EPI_ISL_356848	1
EPI_ISL_115411	1
EPI_ISL_378211	1
EPI_ISL_108070	1
EPI_ISL_16757408	1
EPI_ISL_331721	1
EPI_ISL_263305	1
EPI_ISL_491490	1
EPI_ISL_7976049	1
EPI_ISL_393742	1
EPI_ISL_13949957	1
EPI_ISL_391676	1
EPI_ISL_11956089	1
EPI_ISL_14465966	1
EPI_ISL_10828456	1
EPI_ISL_175187	1
EPI_ISL_366790	1
EPI_ISL_5660	1
EPI_ISL_360457	1
EPI_ISL_240767	1
EPI_ISL_172743	1
EPI_ISL_287621	1
EPI_ISL_380918	1
EPI_ISL_13044320	1
EPI_ISL_270418	1
EPI_ISL_12579882	1
EPI_ISL_224695	1
EPI_ISL_16868616	1
EPI_ISL_11399856	1
EPI_ISL_306937	1
EPI_ISL_208620	1
EPI_ISL_339772	1
EPI_ISL_15837653	1
EPI_ISL_282814	1
EPI_ISL_360256	1
EPI_ISL_393729	1
EPI_ISL_284872	1
EPI_ISL_286790	1
EPI_ISL_8249	1
EPI_ISL_360122	1
EPI_ISL_13249472	1
EPI_ISL_405248	1
EPI_ISL_299947	1
EPI_ISL_353937	1
EPI_ISL_15390486	1
EPI_ISL_191686	1
EPI_ISL_359508	1
EPI_ISL_396947	1
EPI_ISL_9346126	1
EPI_ISL_296507	1
EPI_ISL_16664338	1
EPI_ISL_396998	1
EPI_ISL_12705642	1
EPI_ISL_91142	1
EPI_ISL_398314	1
EPI_ISL_305291	1
EPI_ISL_253621	1
EPI_ISL_390630	1
EPI_ISL_286972	1
EPI_ISL_410769	1
EPI_ISL_482891	1
EPI_ISL_331654	1
EPI_ISL_241353	1
EPI_ISL_9077	1
EPI_ISL_308937	1
EPI_ISL_11533818	1
EPI_ISL_13892690	1
EPI_ISL_277867	1
EPI_ISL_373422	1
EPI_ISL_14924434	1
EPI_ISL_152150	1
EPI_ISL_360530	1
EPI_ISL_14570069	1
EPI_ISL_16761886	1
EPI_ISL_11533828	1
EPI_ISL_357855	1
EPI_ISL_245015	1
EPI_ISL_360275	1
EPI_ISL_226817	1
EPI_ISL_270426	1
EPI_ISL_62497	1
EPI_ISL_261866	1
EPI_ISL_314380	1
EPI_ISL_202118	1
EPI_ISL_390027	1
EPI_ISL_16920139	1
EPI_ISL_152821	1
EPI_ISL_15345824	1
EPI_ISL_369997	1
EPI_ISL_16811023	1
EPI_ISL_252778	1
EPI_ISL_201250	1
EPI_ISL_248497	1
EPI_ISL_16520232	1
EPI_ISL_360913	1
EPI_ISL_16201535	1
EPI_ISL_14610716	1
EPI_ISL_277500	1
EPI_ISL_357340	1
EPI_ISL_360031	1
EPI_ISL_393571	1
EPI_ISL_390157	1
EPI_ISL_11349481	1
EPI_ISL_345561	1
EPI_ISL_369985	1
EPI_ISL_390680	1
EPI_ISL_766837	1
EPI_ISL_29281	1
EPI_ISL_12429500	1
EPI_ISL_399257	1
EPI_ISL_295070	1
EPI_ISL_396488	1
EPI_ISL_12973134	1
EPI_ISL_14219010	1
EPI_ISL_275740	1
EPI_ISL_882809	1
EPI_ISL_16157675	1
EPI_ISL_172195	1
EPI_ISL_15620992	1
EPI_ISL_387240	1
EPI_ISL_400860	1
EPI_ISL_14619002	1
EPI_ISL_13390121	1
EPI_ISL_212163	1
EPI_ISL_13811824	1
EPI_ISL_286330	1
EPI_ISL_366936	1
EPI_ISL_301506	1
EPI_ISL_13285221	1
EPI_ISL_14925989	1
EPI_ISL_12713233	1
EPI_ISL_15972416	1
EPI_ISL_485476	1
EPI_ISL_14904010	1
EPI_ISL_369013	1
EPI_ISL_8936851	1
EPI_ISL_302517	1
EPI_ISL_359925	1
EPI_ISL_235631	1
EPI_ISL_15724034	1
EPI_ISL_219223	1
EPI_ISL_292590	1
EPI_ISL_14078800	1
EPI_ISL_13531903	1
EPI_ISL_215788	1
EPI_ISL_398813	1
EPI_ISL_16886795	1
EPI_ISL_12599167	1
EPI_ISL_16044195	1
EPI_ISL_321254	1
EPI_ISL_172496	1
EPI_ISL_363895	1
EPI_ISL_351981	1
EPI_ISL_16028349	1
EPI_ISL_16663807	1
EPI_ISL_305030	1
EPI_ISL_503092	1
EPI_ISL_360885	1
EPI_ISL_330582	1
EPI_ISL_13203487	1
EPI_ISL_16681965	1
EPI_ISL_9390828	1
EPI_ISL_14005330	1
EPI_ISL_12107428	1
EPI_ISL_16837166	1
EPI_ISL_13101369	1
EPI_ISL_14883645	1
EPI_ISL_12206256	1
EPI_ISL_12713437	1
EPI_ISL_256924	1
EPI_ISL_16886867	1
EPI_ISL_351960	1
EPI_ISL_13028005	1
EPI_ISL_2245461	1
EPI_ISL_369742	1
EPI_ISL_418525	1
EPI_ISL_361497	1
EPI_ISL_358387	1
EPI_ISL_13284268	1
EPI_ISL_332090	1
EPI_ISL_331683	1
EPI_ISL_361383	1
EPI_ISL_257319	1
EPI_ISL_16810090	1
EPI_ISL_360069	1
EPI_ISL_766805	1
EPI_ISL_15715003	1
EPI_ISL_15714891	1
EPI_ISL_349739	1
EPI_ISL_16935681	1
EPI_ISL_10828540	1
EPI_ISL_77737	1
EPI_ISL_341113	1
EPI_ISL_16479524	1
EPI_ISL_285986	1
EPI_ISL_363900	1
EPI_ISL_14892796	1
EPI_ISL_16383795	1
EPI_ISL_428635	1
EPI_ISL_365497	1
EPI_ISL_8556738	1
EPI_ISL_62924	1
EPI_ISL_113847	1
EPI_ISL_368563	1
EPI_ISL_261932	1
EPI_ISL_289739	1
EPI_ISL_357833	1
EPI_ISL_362643	1
EPI_ISL_287452	1
EPI_ISL_250261	1
EPI_ISL_212964	1
EPI_ISL_11400488	1
EPI_ISL_205347	1
EPI_ISL_5403	1
EPI_ISL_16520244	1
EPI_ISL_346992	1
EPI_ISL_14036180	1
EPI_ISL_12471314	1
EPI_ISL_274456	1
EPI_ISL_360796	1
EPI_ISL_14463470	1
EPI_ISL_14218882	1
EPI_ISL_296517	1
EPI_ISL_16757870	1
EPI_ISL_14465875	1
EPI_ISL_354194	1
EPI_ISL_169317	1
EPI_ISL_289223	1
EPI_ISL_360268	1
EPI_ISL_396232	1
EPI_ISL_16834997	1
EPI_ISL_398735	1
EPI_ISL_272901	1
EPI_ISL_16380201	1
EPI_ISL_380595	1
EPI_ISL_16631908	1
EPI_ISL_13560735	1
EPI_ISL_12579897	1
EPI_ISL_313706	1
EPI_ISL_16100766	1
EPI_ISL_12219326	1
EPI_ISL_7846416	1
EPI_ISL_188888	1
EPI_ISL_259739	1
EPI_ISL_14465989	1
EPI_ISL_369555	1
EPI_ISL_359918	1
EPI_ISL_8158	1
EPI_ISL_354124	1
EPI_ISL_342951	1
EPI_ISL_8557864	1
EPI_ISL_13560680	1
EPI_ISL_11166234	1
EPI_ISL_348012	1
EPI_ISL_331766	1
EPI_ISL_16196715	1
EPI_ISL_288144	1
EPI_ISL_240562	1
EPI_ISL_428575	1
EPI_ISL_237299	1
EPI_ISL_471273	1
EPI_ISL_355696	1
EPI_ISL_258083	1
EPI_ISL_312086	1
EPI_ISL_14901724	1
EPI_ISL_14906463	1
EPI_ISL_312815	1
EPI_ISL_453810	1
EPI_ISL_16551708	1
EPI_ISL_202809	1
EPI_ISL_376540	1
EPI_ISL_355573	1
EPI_ISL_14218924	1
EPI_ISL_15807297	1
EPI_ISL_189628	1
EPI_ISL_359505	1
EPI_ISL_194966	1
EPI_ISL_16755434	1
EPI_ISL_333444	1
EPI_ISL_284910	1
EPI_ISL_14115540	1
EPI_ISL_286566	1
EPI_ISL_16201660	1
EPI_ISL_14925904	1
EPI_ISL_366574	1
EPI_ISL_145632	1
EPI_ISL_368189	1
EPI_ISL_240310	1
EPI_ISL_13655685	1
EPI_ISL_9769048	1
EPI_ISL_410653	1
EPI_ISL_487050	1
EPI_ISL_13284167	1
EPI_ISL_303329	1
EPI_ISL_16832156	1
EPI_ISL_273723	1
EPI_ISL_77976	1
EPI_ISL_355174	1
EPI_ISL_365786	1
EPI_ISL_390051	1
EPI_ISL_108117	1
EPI_ISL_14572597	1
EPI_ISL_397007	1
EPI_ISL_15641736	1
EPI_ISL_16520265	1
EPI_ISL_16935788	1
EPI_ISL_11887867	1
EPI_ISL_288450	1
EPI_ISL_16869847	1
EPI_ISL_200736	1
EPI_ISL_8717189	1
EPI_ISL_13242178	1
EPI_ISL_258356	1
EPI_ISL_400855	1
EPI_ISL_16491649	1
EPI_ISL_16157550	1
EPI_ISL_13284572	1
EPI_ISL_257195	1
EPI_ISL_14797465	1
EPI_ISL_152826	1
EPI_ISL_410265	1
EPI_ISL_197553	1
EPI_ISL_9388923	1
EPI_ISL_275841	1
EPI_ISL_360244	1
EPI_ISL_13531874	1
EPI_ISL_338577	1
EPI_ISL_12599418	1
EPI_ISL_16198121	1
EPI_ISL_380623	1
EPI_ISL_188801	1
EPI_ISL_13531185	1
EPI_ISL_258320	1
EPI_ISL_245019	1
EPI_ISL_447877	1
EPI_ISL_270487	1
EPI_ISL_14429197	1
EPI_ISL_220302	1
EPI_ISL_16680825	1
EPI_ISL_380461	1
EPI_ISL_349893	1
EPI_ISL_15657198	1
EPI_ISL_330275	1
EPI_ISL_287118	1
EPI_ISL_361279	1
EPI_ISL_377476	1
EPI_ISL_16679099	1
EPI_ISL_428564	1
EPI_ISL_16572428	1
EPI_ISL_12179134	1
EPI_ISL_341046	1
EPI_ISL_303063	1
EPI_ISL_90514	1
EPI_ISL_485465	1
EPI_ISL_245303	1
EPI_ISL_15621097	1
EPI_ISL_281877	1
EPI_ISL_14906741	1
EPI_ISL_16757925	1
EPI_ISL_391187	1
EPI_ISL_312844	1
EPI_ISL_355815	1
EPI_ISL_380786	1
EPI_ISL_355818	1
EPI_ISL_16546395	1
EPI_ISL_16657712	1
EPI_ISL_5101	1
EPI_ISL_14930448	1
EPI_ISL_16680986	1
EPI_ISL_197526	1
EPI_ISL_160536	1
EPI_ISL_402463	1
EPI_ISL_268291	1
EPI_ISL_16333251	1
EPI_ISL_358629	1
EPI_ISL_148057	1
EPI_ISL_515977	1
EPI_ISL_298365	1
EPI_ISL_314391	1
EPI_ISL_13284628	1
EPI_ISL_314349	1
EPI_ISL_10828186	1
EPI_ISL_14261735	1
EPI_ISL_239280	1
EPI_ISL_286486	1
EPI_ISL_14391864	1
EPI_ISL_89101	1
EPI_ISL_13431098	1
EPI_ISL_284914	1
EPI_ISL_6902027	1
EPI_ISL_188788	1
EPI_ISL_1296339	1
EPI_ISL_11532946	1
EPI_ISL_194943	1
EPI_ISL_12142239	1
EPI_ISL_5022	1
EPI_ISL_12676406	1
EPI_ISL_14862731	1
EPI_ISL_614329	1
EPI_ISL_361275	1
EPI_ISL_12142178	1
EPI_ISL_270514	1
EPI_ISL_377058	1
EPI_ISL_427893	1
EPI_ISL_287480	1
EPI_ISL_316100	1
EPI_ISL_298568	1
EPI_ISL_396249	1
EPI_ISL_16383775	1
EPI_ISL_8212	1
EPI_ISL_398342	1
EPI_ISL_360678	1
EPI_ISL_282876	1
EPI_ISL_8559358	1
EPI_ISL_408115	1
EPI_ISL_16470846	1
EPI_ISL_218468	1
EPI_ISL_397015	1
EPI_ISL_288899	1
EPI_ISL_361755	1
EPI_ISL_7404338	1
EPI_ISL_12429507	1
EPI_ISL_14610662	1
EPI_ISL_296521	1
EPI_ISL_16833650	1
EPI_ISL_89093	1
EPI_ISL_241686	1
EPI_ISL_287258	1
EPI_ISL_16283364	1
EPI_ISL_380640	1
EPI_ISL_14218937	1
EPI_ISL_7973372	1
EPI_ISL_11805560	1
EPI_ISL_13655476	1
EPI_ISL_186598	1
EPI_ISL_169458	1
EPI_ISL_9388987	1
EPI_ISL_238678	1
EPI_ISL_269879	1
EPI_ISL_175234	1
EPI_ISL_341167	1
EPI_ISL_313688	1
EPI_ISL_275810	1
EPI_ISL_256208	1
EPI_ISL_5574	1
EPI_ISL_354128	1
EPI_ISL_11407139	1
EPI_ISL_152262	1
EPI_ISL_14610700	1
EPI_ISL_238703	1
EPI_ISL_202929	1
EPI_ISL_401502	1
EPI_ISL_300802	1
EPI_ISL_13723890	1
EPI_ISL_15715011	1
EPI_ISL_262756	1
EPI_ISL_339409	1
EPI_ISL_12339010	1
EPI_ISL_288086	1
EPI_ISL_12730078	1
EPI_ISL_13471381	1
EPI_ISL_354133	1
EPI_ISL_14619012	1
EPI_ISL_269797	1
EPI_ISL_248133	1
EPI_ISL_14928498	1
EPI_ISL_12579880	1
EPI_ISL_292445	1
EPI_ISL_13026465	1
EPI_ISL_12713318	1
EPI_ISL_480462	1
EPI_ISL_16766226	1
EPI_ISL_89586	1
EPI_ISL_286652	1
EPI_ISL_16837131	1
EPI_ISL_14509057	1
EPI_ISL_268308	1
EPI_ISL_279374	1
EPI_ISL_14712406	1
EPI_ISL_14924352	1
EPI_ISL_301503	1
EPI_ISL_208576	1
EPI_ISL_399823	1
EPI_ISL_16199727	1
EPI_ISL_346099	1
EPI_ISL_316429	1
EPI_ISL_393574	1
EPI_ISL_12567877	1
EPI_ISL_346434	1
EPI_ISL_16881955	1
EPI_ISL_16283380	1
EPI_ISL_16809978	1
EPI_ISL_270193	1
EPI_ISL_12142158	1
EPI_ISL_16872413	1
EPI_ISL_9769076	1
EPI_ISL_14924357	1
EPI_ISL_16459659	1
EPI_ISL_306868	1
EPI_ISL_244751	1
EPI_ISL_710500	1
EPI_ISL_264467	1
EPI_ISL_9631592	1
EPI_ISL_247740	1
EPI_ISL_336705	1
EPI_ISL_360433	1
EPI_ISL_307072	1
EPI_ISL_408351	1
EPI_ISL_16385154	1
EPI_ISL_16760581	1
EPI_ISL_13812833	1
EPI_ISL_16810078	1
EPI_ISL_342262	1
EPI_ISL_287416	1
EPI_ISL_305445	1
EPI_ISL_322437	1
EPI_ISL_13101423	1
EPI_ISL_11171207	1
EPI_ISL_307889	1
EPI_ISL_513991	1
EPI_ISL_332709	1
EPI_ISL_16033007	1
EPI_ISL_14797554	1
EPI_ISL_11532961	1
EPI_ISL_333862	1
EPI_ISL_269875	1
EPI_ISL_205351	1
EPI_ISL_16914502	1
EPI_ISL_378188	1
EPI_ISL_337085	1
EPI_ISL_322440	1
EPI_ISL_353449	1
EPI_ISL_12429482	1
EPI_ISL_224038	1
EPI_ISL_336711	1
EPI_ISL_16744010	1
EPI_ISL_15620337	1
EPI_ISL_12716160	1
EPI_ISL_349882	1
EPI_ISL_396893	1
EPI_ISL_11814336	1
EPI_ISL_12579902	1
EPI_ISL_3837419	1
EPI_ISL_7257384	1
EPI_ISL_381132	1
EPI_ISL_16619085	1
EPI_ISL_355710	1
EPI_ISL_219247	1
EPI_ISL_277241	1
EPI_ISL_91040	1
EPI_ISL_12288938	1
EPI_ISL_366976	1
EPI_ISL_285892	1
EPI_ISL_15842280	1
EPI_ISL_16333256	1
EPI_ISL_212055	1
EPI_ISL_11171179	1
EPI_ISL_212366	1
EPI_ISL_12579954	1
EPI_ISL_11496574	1
EPI_ISL_16810257	1
EPI_ISL_12722072	1
EPI_ISL_245285	1
EPI_ISL_8808665	1
EPI_ISL_197782	1
EPI_ISL_281532	1
EPI_ISL_281529	1
EPI_ISL_205343	1
EPI_ISL_158632	1
EPI_ISL_11669476	1
EPI_ISL_172804	1
EPI_ISL_286934	1
EPI_ISL_322488	1
EPI_ISL_16140115	1
EPI_ISL_174238	1
EPI_ISL_16591334	1
EPI_ISL_13892727	1
EPI_ISL_286489	1
EPI_ISL_366056	1
EPI_ISL_8125119	1
EPI_ISL_7120	1
EPI_ISL_235078	1
EPI_ISL_378203	1
EPI_ISL_412141	1
EPI_ISL_15447242	1
EPI_ISL_16914546	1
EPI_ISL_304854	1
EPI_ISL_12952779	1
EPI_ISL_14727204	1
EPI_ISL_15446990	1
EPI_ISL_16385243	1
EPI_ISL_16810040	1
EPI_ISL_377124	1
EPI_ISL_396681	1
EPI_ISL_298313	1
EPI_ISL_376807	1
EPI_ISL_297730	1
EPI_ISL_80851	1
EPI_ISL_203557	1
EPI_ISL_378202	1
EPI_ISL_9073	1
EPI_ISL_263471	1
EPI_ISL_405235	1
EPI_ISL_16763917	1
EPI_ISL_503077	1
EPI_ISL_14509049	1
EPI_ISL_327448	1
EPI_ISL_114455	1
EPI_ISL_396777	1
EPI_ISL_356838	1
EPI_ISL_16835019	1
EPI_ISL_16834780	1
EPI_ISL_12212612	1
EPI_ISL_327698	1
EPI_ISL_264437	1
EPI_ISL_283087	1
EPI_ISL_513984	1
EPI_ISL_410616	1
EPI_ISL_11532865	1
EPI_ISL_211935	1
EPI_ISL_16872878	1
EPI_ISL_16027619	1
EPI_ISL_11533788	1
EPI_ISL_16380222	1
EPI_ISL_14755418	1
EPI_ISL_7634	1
EPI_ISL_286852	1
EPI_ISL_14056417	1
EPI_ISL_299920	1
EPI_ISL_14930443	1
EPI_ISL_66165	1
EPI_ISL_239294	1
EPI_ISL_468328	1
EPI_ISL_8814227	1
EPI_ISL_14819806	1
EPI_ISL_418564	1
EPI_ISL_62486	1
EPI_ISL_13812823	1
EPI_ISL_202525	1
EPI_ISL_244718	1
EPI_ISL_16619061	1
EPI_ISL_322449	1
EPI_ISL_368577	1
EPI_ISL_360576	1
EPI_ISL_12641712	1
EPI_ISL_16631818	1
EPI_ISL_390206	1
EPI_ISL_16935617	1
EPI_ISL_277483	1
EPI_ISL_16201440	1
EPI_ISL_8636545	1
EPI_ISL_118557	1
EPI_ISL_205153	1
EPI_ISL_16032953	1
EPI_ISL_16470754	1
EPI_ISL_453812	1
EPI_ISL_175213	1
EPI_ISL_11533854	1
EPI_ISL_11563554	1
EPI_ISL_16810088	1
EPI_ISL_11969449	1
EPI_ISL_363974	1
EPI_ISL_253801	1
EPI_ISL_13201909	1
EPI_ISL_16520252	1
EPI_ISL_268262	1
EPI_ISL_284871	1
EPI_ISL_287418	1
EPI_ISL_251780	1
EPI_ISL_19691	1
EPI_ISL_219208	1
EPI_ISL_355693	1
EPI_ISL_15807515	1
EPI_ISL_241586	1
EPI_ISL_12729908	1
EPI_ISL_15394420	1
EPI_ISL_301418	1
EPI_ISL_16935734	1
EPI_ISL_360398	1
EPI_ISL_296084	1
EPI_ISL_339847	1
EPI_ISL_296147	1
EPI_ISL_288457	1
EPI_ISL_169092	1
EPI_ISL_365500	1
EPI_ISL_392545	1
EPI_ISL_360083	1
EPI_ISL_298586	1
EPI_ISL_322164	1
EPI_ISL_390044	1
EPI_ISL_16433744	1
EPI_ISL_13885648	1
EPI_ISL_16858489	1
EPI_ISL_7404397	1
EPI_ISL_289237	1
EPI_ISL_275738	1
EPI_ISL_120389	1
EPI_ISL_4073399	1
EPI_ISL_12713499	1
EPI_ISL_16744601	1
EPI_ISL_288087	1
EPI_ISL_359977	1
EPI_ISL_407945	1
EPI_ISL_16616126	1
EPI_ISL_369121	1
EPI_ISL_270194	1
EPI_ISL_357857	1
EPI_ISL_16872621	1
EPI_ISL_340491	1
EPI_ISL_14428957	1
EPI_ISL_16848215	1
EPI_ISL_15082231	1
EPI_ISL_15740738	1
EPI_ISL_213019	1
EPI_ISL_293371	1
EPI_ISL_15345826	1
EPI_ISL_485474	1
EPI_ISL_235234	1
EPI_ISL_359562	1
EPI_ISL_213009	1
EPI_ISL_15394453	1
EPI_ISL_259178	1
EPI_ISL_9304981	1
EPI_ISL_15504837	1
EPI_ISL_11814279	1
EPI_ISL_405150	1
EPI_ISL_12666621	1
EPI_ISL_331551	1
EPI_ISL_402952	1
EPI_ISL_367542	1
EPI_ISL_16333257	1
EPI_ISL_232103	1
EPI_ISL_7256836	1
EPI_ISL_14610692	1
EPI_ISL_380594	1
EPI_ISL_16748986	1
EPI_ISL_16100841	1
EPI_ISL_470936	1
EPI_ISL_368562	1
EPI_ISL_354114	1
EPI_ISL_248556	1
EPI_ISL_288159	1
EPI_ISL_287336	1
EPI_ISL_308945	1
EPI_ISL_13983942	1
EPI_ISL_311970	1
EPI_ISL_147947	1
EPI_ISL_14903823	1
EPI_ISL_480496	1
EPI_ISL_503088	1
EPI_ISL_360300	1
EPI_ISL_13812816	1
EPI_ISL_13503262	1
EPI_ISL_16680865	1
EPI_ISL_13054622	1
EPI_ISL_255570	1
EPI_ISL_396710	1
EPI_ISL_233452	1
EPI_ISL_14835717	1
EPI_ISL_355706	1
EPI_ISL_349891	1
EPI_ISL_361822	1
EPI_ISL_380526	1
EPI_ISL_15447045	1
EPI_ISL_344890	1
EPI_ISL_332082	1
EPI_ISL_16872341	1
EPI_ISL_320307	1
EPI_ISL_286725	1
EPI_ISL_15393537	1
EPI_ISL_15740970	1
EPI_ISL_278948	1
EPI_ISL_386857	1
EPI_ISL_359216	1
EPI_ISL_274665	1
EPI_ISL_351890	1
EPI_ISL_380537	1
EPI_ISL_11480843	1
EPI_ISL_90543	1
EPI_ISL_219201	1
EPI_ISL_219186	1
EPI_ISL_15363454	1
EPI_ISL_346050	1
EPI_ISL_4702769	1
EPI_ISL_286362	1
EPI_ISL_16881209	1
EPI_ISL_342958	1
EPI_ISL_16657460	1
EPI_ISL_364325	1
EPI_ISL_237253	1
EPI_ISL_377850	1
EPI_ISL_197276	1
EPI_ISL_402435	1
EPI_ISL_201223	1
EPI_ISL_152293	1
EPI_ISL_13580949	1
EPI_ISL_353504	1
EPI_ISL_16616180	1
EPI_ISL_16494763	1
EPI_ISL_11533843	1
EPI_ISL_402737	1
EPI_ISL_240848	1
EPI_ISL_366007	1
EPI_ISL_289064	1
EPI_ISL_16836702	1
EPI_ISL_303221	1
EPI_ISL_15895149	1
EPI_ISL_15139026	1
EPI_ISL_400603	1
EPI_ISL_152572	1
EPI_ISL_253471	1
EPI_ISL_16613606	1
EPI_ISL_309323	1
EPI_ISL_321201	1
EPI_ISL_14903257	1
EPI_ISL_263404	1
EPI_ISL_129411	1
EPI_ISL_16757916	1
EPI_ISL_13101398	1
EPI_ISL_361838	1
EPI_ISL_405734	1
EPI_ISL_266693	1
EPI_ISL_222044	1
EPI_ISL_16887392	1
EPI_ISL_239587	1
EPI_ISL_192236	1
EPI_ISL_14712394	1
EPI_ISL_16834393	1
EPI_ISL_11766274	1
EPI_ISL_286836	1
EPI_ISL_285669	1
EPI_ISL_8964	1
EPI_ISL_241603	1
EPI_ISL_201221	1
EPI_ISL_203422	1
EPI_ISL_274678	1
EPI_ISL_350590	1
EPI_ISL_459808	1
EPI_ISL_380845	1
EPI_ISL_366957	1
EPI_ISL_435325	1
EPI_ISL_16831102	1
EPI_ISL_5045	1
EPI_ISL_376411	1
EPI_ISL_364347	1
EPI_ISL_275182	1
EPI_ISL_12249348	1
EPI_ISL_331730	1
EPI_ISL_174128	1
EPI_ISL_16448948	1
EPI_ISL_16075757	1
EPI_ISL_396957	1
EPI_ISL_14835709	1
EPI_ISL_16868568	1
EPI_ISL_402415	1
EPI_ISL_205389	1
EPI_ISL_321875	1
EPI_ISL_414059	1
EPI_ISL_9769077	1
EPI_ISL_15394465	1
EPI_ISL_15807490	1
EPI_ISL_304337	1
EPI_ISL_16433751	1
EPI_ISL_14950231	1
EPI_ISL_285728	1
EPI_ISL_296068	1
EPI_ISL_14906707	1
EPI_ISL_351970	1
EPI_ISL_14145034	1
EPI_ISL_5418	1
EPI_ISL_289727	1
EPI_ISL_355798	1
EPI_ISL_16201559	1
EPI_ISL_419208	1
EPI_ISL_346782	1
EPI_ISL_12219308	1
EPI_ISL_191683	1
EPI_ISL_247964	1
EPI_ISL_5696	1
EPI_ISL_16631916	1
EPI_ISL_487067	1
EPI_ISL_12839654	1
EPI_ISL_226800	1
EPI_ISL_225933	1
EPI_ISL_15620950	1
EPI_ISL_305297	1
EPI_ISL_343205	1
EPI_ISL_6075495	1
EPI_ISL_192715	1
EPI_ISL_235253	1
EPI_ISL_15929629	1
EPI_ISL_93654	1
EPI_ISL_288211	1
EPI_ISL_360714	1
EPI_ISL_516148	1
EPI_ISL_15288601	1
EPI_ISL_15928343	1
EPI_ISL_289400	1
EPI_ISL_480494	1
EPI_ISL_176494	1
EPI_ISL_336165	1
EPI_ISL_346243	1
EPI_ISL_13897150	1
EPI_ISL_244765	1
EPI_ISL_327442	1
EPI_ISL_16520199	1
EPI_ISL_405097	1
EPI_ISL_14428991	1
EPI_ISL_258586	1
EPI_ISL_253778	1
EPI_ISL_7657768	1
EPI_ISL_194971	1
EPI_ISL_16616166	1
EPI_ISL_11887924	1
EPI_ISL_13148876	1
EPI_ISL_409368	1
EPI_ISL_288666	1
EPI_ISL_7602493	1
EPI_ISL_14883640	1
EPI_ISL_362355	1
EPI_ISL_14428933	1
EPI_ISL_300811	1
EPI_ISL_358311	1
EPI_ISL_14906743	1
EPI_ISL_259700	1
EPI_ISL_355598	1
EPI_ISL_14928562	1
EPI_ISL_15806931	1
EPI_ISL_288964	1
EPI_ISL_393402	1
EPI_ISL_1064142	1
EPI_ISL_13531913	1
EPI_ISL_16196690	1
EPI_ISL_15291328	1
EPI_ISL_355802	1
EPI_ISL_400600	1
EPI_ISL_14930597	1
EPI_ISL_263177	1
EPI_ISL_6466	1
EPI_ISL_252499	1
EPI_ISL_357124	1
EPI_ISL_14509093	1
EPI_ISL_14429023	1
EPI_ISL_12943127	1
EPI_ISL_13774481	1
EPI_ISL_14218875	1
EPI_ISL_16201572	1
EPI_ISL_16664399	1
EPI_ISL_256155	1
EPI_ISL_16834687	1
EPI_ISL_12610913	1
EPI_ISL_12322659	1
EPI_ISL_287533	1
EPI_ISL_459820	1
EPI_ISL_16201240	1
EPI_ISL_277491	1
EPI_ISL_6523	1
EPI_ISL_9988847	1
EPI_ISL_16448597	1
EPI_ISL_212368	1
EPI_ISL_8929411	1
EPI_ISL_16816191	1
EPI_ISL_284141	1
EPI_ISL_14895822	1
EPI_ISL_322075	1
EPI_ISL_8717215	1
EPI_ISL_8152076	1
EPI_ISL_172600	1
EPI_ISL_316760	1
EPI_ISL_8557723	1
EPI_ISL_329803	1
EPI_ISL_13284305	1
EPI_ISL_9094	1
EPI_ISL_16811186	1
EPI_ISL_15025102	1
EPI_ISL_360855	1
EPI_ISL_390691	1
EPI_ISL_339057	1
EPI_ISL_368957	1
EPI_ISL_13885650	1
EPI_ISL_14509106	1
EPI_ISL_410647	1
EPI_ISL_292266	1
EPI_ISL_377112	1
EPI_ISL_373460	1
EPI_ISL_13200028	1
EPI_ISL_395394	1
EPI_ISL_13638379	1
EPI_ISL_387481	1
EPI_ISL_380465	1
EPI_ISL_241557	1
EPI_ISL_16333221	1
EPI_ISL_361729	1
EPI_ISL_491488	1
EPI_ISL_161899	1
EPI_ISL_360532	1
EPI_ISL_15807261	1
EPI_ISL_244865	1
EPI_ISL_191968	1
EPI_ISL_80842	1
EPI_ISL_186586	1
EPI_ISL_320732	1
EPI_ISL_359268	1
EPI_ISL_354069	1
EPI_ISL_15601998	1
EPI_ISL_14610707	1
EPI_ISL_16196703	1
EPI_ISL_16479593	1
EPI_ISL_277482	1
EPI_ISL_339401	1
EPI_ISL_485464	1
EPI_ISL_189289	1
EPI_ISL_16766397	1
EPI_ISL_270187	1
EPI_ISL_15288455	1
EPI_ISL_8035460	1
EPI_ISL_362560	1
EPI_ISL_212983	1
EPI_ISL_235533	1
EPI_ISL_360140	1
EPI_ISL_368193	1
EPI_ISL_14145107	1
EPI_ISL_98692	1
EPI_ISL_224227	1
EPI_ISL_331693	1
EPI_ISL_16477453	1
EPI_ISL_186584	1
EPI_ISL_346449	1
EPI_ISL_393937	1
EPI_ISL_211899	1
EPI_ISL_77621	1
EPI_ISL_9118	1
EPI_ISL_13531905	1
EPI_ISL_203540	1
EPI_ISL_102900	1
EPI_ISL_380491	1
EPI_ISL_247739	1
EPI_ISL_16613581	1
EPI_ISL_303353	1
EPI_ISL_329800	1
EPI_ISL_378094	1
EPI_ISL_8813709	1
EPI_ISL_16590010	1
EPI_ISL_240192	1
EPI_ISL_11403037	1
EPI_ISL_279366	1
EPI_ISL_8813666	1
EPI_ISL_152814	1
EPI_ISL_237339	1
EPI_ISL_239726	1
EPI_ISL_350578	1
EPI_ISL_241320	1
EPI_ISL_329821	1
EPI_ISL_13531902	1
EPI_ISL_195854	1
EPI_ISL_263437	1
EPI_ISL_202939	1
EPI_ISL_16140144	1
EPI_ISL_296434	1
EPI_ISL_16935590	1
EPI_ISL_174239	1
EPI_ISL_257901	1
EPI_ISL_277178	1
EPI_ISL_13163875	1
EPI_ISL_16886922	1
EPI_ISL_16680810	1
EPI_ISL_152161	1
EPI_ISL_12429505	1
EPI_ISL_237366	1
EPI_ISL_14509073	1
EPI_ISL_87161	1
EPI_ISL_6564998	1
EPI_ISL_152392	1
EPI_ISL_13285164	1
EPI_ISL_322928	1
EPI_ISL_6902146	1
EPI_ISL_237481	1
EPI_ISL_403817	1
EPI_ISL_15724036	1
EPI_ISL_12952776	1
EPI_ISL_367377	1
EPI_ISL_15388056	1
EPI_ISL_9631626	1
EPI_ISL_287612	1
EPI_ISL_6705	1
EPI_ISL_6902008	1
EPI_ISL_212999	1
EPI_ISL_454747	1
EPI_ISL_356458	1
EPI_ISL_396404	1
EPI_ISL_120354	1
EPI_ISL_11309972	1
EPI_ISL_14977277	1
EPI_ISL_314309	1
EPI_ISL_16887424	1
EPI_ISL_287104	1
EPI_ISL_369091	1
EPI_ISL_16763925	1
EPI_ISL_257877	1
EPI_ISL_355792	1
EPI_ISL_516135	1
EPI_ISL_6750	1
EPI_ISL_360674	1
EPI_ISL_505752	1
EPI_ISL_13285193	1
EPI_ISL_347984	1
EPI_ISL_305050	1
EPI_ISL_11668945	1
EPI_ISL_16902662	1
EPI_ISL_361462	1
EPI_ISL_290869	1
EPI_ISL_365976	1
EPI_ISL_14903789	1
EPI_ISL_16848200	1
EPI_ISL_6863033	1
EPI_ISL_15602036	1
EPI_ISL_360000	1
EPI_ISL_16757441	1
EPI_ISL_16830197	1
EPI_ISL_332309	1
EPI_ISL_338564	1
EPI_ISL_15929565	1
EPI_ISL_5091	1
EPI_ISL_188753	1
EPI_ISL_331723	1
EPI_ISL_349947	1
EPI_ISL_16935677	1
EPI_ISL_396651	1
EPI_ISL_287298	1
EPI_ISL_220342	1
EPI_ISL_327325	1
EPI_ISL_270551	1
EPI_ISL_16087653	1
EPI_ISL_16681931	1
EPI_ISL_16809261	1
EPI_ISL_249369	1
EPI_ISL_405242	1
EPI_ISL_11497691	1
EPI_ISL_12722089	1
EPI_ISL_417914	1
EPI_ISL_402458	1
EPI_ISL_391577	1
EPI_ISL_303089	1
EPI_ISL_189845	1
EPI_ISL_9112	1
EPI_ISL_62788	1
EPI_ISL_8035532	1
EPI_ISL_15898357	1
EPI_ISL_13054992	1
EPI_ISL_16024349	1
EPI_ISL_226784	1
EPI_ISL_8035528	1
EPI_ISL_25011	1
EPI_ISL_206126	1
EPI_ISL_16446998	1
EPI_ISL_654685	1
EPI_ISL_11958501	1
EPI_ISL_222749	1
EPI_ISL_16836214	1
EPI_ISL_355786	1
EPI_ISL_15025094	1
EPI_ISL_6720	1
EPI_ISL_362604	1
EPI_ISL_282879	1
EPI_ISL_16831017	1
EPI_ISL_357901	1
EPI_ISL_329978	1
EPI_ISL_239194	1
EPI_ISL_281550	1
EPI_ISL_15081668	1
EPI_ISL_16619081	1
EPI_ISL_11669346	1
EPI_ISL_7976050	1
EPI_ISL_284864	1
EPI_ISL_15620348	1
EPI_ISL_275768	1
EPI_ISL_248930	1
EPI_ISL_222032	1
EPI_ISL_62489	1
EPI_ISL_131197	1
EPI_ISL_16619174	1
EPI_ISL_327451	1
EPI_ISL_207446	1
EPI_ISL_19694	1
EPI_ISL_12839641	1
EPI_ISL_386868	1
EPI_ISL_397182	1
EPI_ISL_402429	1
EPI_ISL_378231	1
EPI_ISL_275961	1
EPI_ISL_390185	1
EPI_ISL_16196693	1
EPI_ISL_194963	1
EPI_ISL_13431141	1
EPI_ISL_710481	1
EPI_ISL_192172	1
EPI_ISL_191676	1
EPI_ISL_380976	1
EPI_ISL_373416	1
EPI_ISL_13339887	1
EPI_ISL_370122	1
EPI_ISL_348212	1
EPI_ISL_281490	1
EPI_ISL_301463	1
EPI_ISL_9260495	1
EPI_ISL_10678449	1
EPI_ISL_15026794	1
EPI_ISL_400010	1
EPI_ISL_188741	1
EPI_ISL_13812825	1
EPI_ISL_258371	1
EPI_ISL_13655555	1
EPI_ISL_13774690	1
EPI_ISL_288485	1
EPI_ISL_12839664	1
EPI_ISL_359400	1
EPI_ISL_369117	1
EPI_ISL_299908	1
EPI_ISL_16920121	1
EPI_ISL_235033	1
EPI_ISL_87275	1
EPI_ISL_9769108	1
EPI_ISL_405184	1
EPI_ISL_396649	1
EPI_ISL_299688	1
EPI_ISL_15724420	1
EPI_ISL_225903	1
EPI_ISL_307895	1
EPI_ISL_334194	1
EPI_ISL_259262	1
EPI_ISL_341071	1
EPI_ISL_359627	1
EPI_ISL_14572668	1
EPI_ISL_406903	1
EPI_ISL_331063	1
EPI_ISL_244687	1
EPI_ISL_360349	1
EPI_ISL_15929494	1
EPI_ISL_12952519	1
EPI_ISL_12943170	1
EPI_ISL_337099	1
EPI_ISL_351759	1
EPI_ISL_8810267	1
EPI_ISL_13026491	1
EPI_ISL_16448755	1
EPI_ISL_290659	1
EPI_ISL_361588	1
EPI_ISL_16740081	1
EPI_ISL_377474	1
EPI_ISL_362241	1
EPI_ISL_381112	1
EPI_ISL_11171199	1
EPI_ISL_1386235	1
EPI_ISL_102802	1
EPI_ISL_342229	1
EPI_ISL_272936	1
EPI_ISL_404536	1
EPI_ISL_212374	1
EPI_ISL_14927158	1
EPI_ISL_11309965	1
EPI_ISL_11635002	1
EPI_ISL_178972	1
EPI_ISL_16100825	1
EPI_ISL_13531881	1
EPI_ISL_370593	1
EPI_ISL_357914	1
EPI_ISL_189205	1
EPI_ISL_8833714	1
EPI_ISL_298557	1
EPI_ISL_15394411	1
EPI_ISL_16691433	1
EPI_ISL_402168	1
EPI_ISL_314377	1
EPI_ISL_7256334	1
EPI_ISL_346512	1
EPI_ISL_15929504	1
EPI_ISL_235666	1
EPI_ISL_14036126	1
EPI_ISL_152653	1
EPI_ISL_15757897	1
EPI_ISL_331653	1
EPI_ISL_107929	1
EPI_ISL_350753	1
EPI_ISL_16590437	1
EPI_ISL_159598	1
EPI_ISL_361470	1
EPI_ISL_360617	1
EPI_ISL_11805562	1
EPI_ISL_369513	1
EPI_ISL_503105	1
EPI_ISL_409406	1
EPI_ISL_358718	1
EPI_ISL_16549314	1
EPI_ISL_361590	1
EPI_ISL_258355	1
EPI_ISL_13774681	1
EPI_ISL_390632	1
EPI_ISL_366123	1
EPI_ISL_247470	1
EPI_ISL_12995117	1
EPI_ISL_14977265	1
EPI_ISL_766801	1
EPI_ISL_292294	1
EPI_ISL_11959244	1
EPI_ISL_14225336	1
EPI_ISL_275783	1
EPI_ISL_644653	1
EPI_ISL_14931830	1
EPI_ISL_360354	1
EPI_ISL_12109539	1
EPI_ISL_242751	1
EPI_ISL_16763911	1
EPI_ISL_270455	1
EPI_ISL_14225272	1
EPI_ISL_263176	1
EPI_ISL_8810339	1
EPI_ISL_11533904	1
EPI_ISL_352056	1
EPI_ISL_387431	1
EPI_ISL_6600757	1
EPI_ISL_12646188	1
EPI_ISL_13148851	1
EPI_ISL_14906574	1
EPI_ISL_359382	1
EPI_ISL_212153	1
EPI_ISL_6636	1
EPI_ISL_13027992	1
EPI_ISL_281559	1
EPI_ISL_201631	1
EPI_ISL_296567	1
EPI_ISL_16333161	1
EPI_ISL_396621	1
EPI_ISL_16868563	1
EPI_ISL_12249340	1
EPI_ISL_70623	1
EPI_ISL_361847	1
EPI_ISL_11496732	1
EPI_ISL_428555	1
EPI_ISL_9402231	1
EPI_ISL_287592	1
EPI_ISL_220369	1
EPI_ISL_286066	1
EPI_ISL_293071	1
EPI_ISL_359905	1
EPI_ISL_362417	1
EPI_ISL_13053835	1
EPI_ISL_16869614	1
EPI_ISL_283092	1
EPI_ISL_8556877	1
EPI_ISL_15928798	1
EPI_ISL_289391	1
EPI_ISL_220370	1
EPI_ISL_9650320	1
EPI_ISL_366575	1
EPI_ISL_449740	1
EPI_ISL_409341	1
EPI_ISL_368901	1
EPI_ISL_409441	1
EPI_ISL_10073552	1
EPI_ISL_8152174	1
EPI_ISL_356771	1
EPI_ISL_259706	1
EPI_ISL_299945	1
EPI_ISL_252729	1
EPI_ISL_13148935	1
EPI_ISL_287213	1
EPI_ISL_312867	1
EPI_ISL_13284199	1
EPI_ISL_12219595	1
EPI_ISL_286609	1
EPI_ISL_12713545	1
EPI_ISL_172747	1
EPI_ISL_249337	1
EPI_ISL_370013	1
EPI_ISL_13655561	1
EPI_ISL_340294	1
EPI_ISL_13284071	1
EPI_ISL_249951	1
EPI_ISL_272886	1
EPI_ISL_306862	1
EPI_ISL_16199741	1
EPI_ISL_203574	1
EPI_ISL_16920035	1
EPI_ISL_331688	1
EPI_ISL_14463466	1
EPI_ISL_16383793	1
EPI_ISL_13284367	1
EPI_ISL_203428	1
EPI_ISL_378620	2
EPI_ISL_271752	2
EPI_ISL_271755	2
EPI_ISL_164352	2
EPI_ISL_170844	2
EPI_ISL_129357	2
EPI_ISL_4081812	2
EPI_ISL_146842	2
EPI_ISL_504145	2
EPI_ISL_222087	2
EPI_ISL_389832	2
EPI_ISL_271086	2
EPI_ISL_277683	2
EPI_ISL_14755005	2
EPI_ISL_218241	2
EPI_ISL_14224227	2
EPI_ISL_373639	2
EPI_ISL_700969	2
EPI_ISL_14224412	2
EPI_ISL_281950	2
EPI_ISL_150397	2
EPI_ISL_124250	2
EPI_ISL_16886672	2
EPI_ISL_504489	2
EPI_ISL_504451	2
EPI_ISL_282489	2
EPI_ISL_271047	2
EPI_ISL_373574	2
EPI_ISL_280213	2
EPI_ISL_143878	2
EPI_ISL_378597	2
EPI_ISL_133820	2
EPI_ISL_381061	2
EPI_ISL_4083628	2
EPI_ISL_278805	2
EPI_ISL_14777804	2
EPI_ISL_6781466	2
EPI_ISL_218536	2
EPI_ISL_504485	2
EPI_ISL_378997	2
EPI_ISL_164369	2
EPI_ISL_282720	2
EPI_ISL_504486	2
EPI_ISL_373645	2
EPI_ISL_4083593	2
EPI_ISL_218294	2
EPI_ISL_171304	2
EPI_ISL_207063	2
EPI_ISL_218613	2
EPI_ISL_117563	2
EPI_ISL_14224343	2
EPI_ISL_14224205	2
EPI_ISL_207967	2
EPI_ISL_109922	2
EPI_ISL_133861	2
EPI_ISL_161117	2
EPI_ISL_14224384	2
EPI_ISL_195999	2
EPI_ISL_373692	2
EPI_ISL_10149	2
EPI_ISL_130027	2
EPI_ISL_196404	2
EPI_ISL_243724	2
EPI_ISL_281940	2
EPI_ISL_14224229	2
EPI_ISL_4082699	2
EPI_ISL_373643	2
EPI_ISL_174307	2
EPI_ISL_127882	2
EPI_ISL_282699	2
EPI_ISL_207065	2
EPI_ISL_218021	2
EPI_ISL_132981	2
EPI_ISL_30583	2
EPI_ISL_387951	2
EPI_ISL_499248	2
EPI_ISL_179625	2
EPI_ISL_14770774	2
EPI_ISL_124248	2
EPI_ISL_207068	2
EPI_ISL_504460	2
EPI_ISL_164355	2
EPI_ISL_207920	2
EPI_ISL_133812	2
EPI_ISL_271639	2
EPI_ISL_504459	2
EPI_ISL_280255	2
EPI_ISL_245797	2
EPI_ISL_504525	2
EPI_ISL_328758	2
EPI_ISL_174302	2
EPI_ISL_388618	2
EPI_ISL_218268	2
EPI_ISL_504508	2
EPI_ISL_278808	2
EPI_ISL_131256	2
EPI_ISL_127896	2
EPI_ISL_133872	2
EPI_ISL_235750	2
EPI_ISL_150704	2
EPI_ISL_218296	2
EPI_ISL_697709	2
EPI_ISL_373677	2
EPI_ISL_218561	2
EPI_ISL_253981	2
EPI_ISL_14224314	2
EPI_ISL_280251	2
EPI_ISL_14224190	2
EPI_ISL_281930	2
EPI_ISL_138209	2
EPI_ISL_14770027	2
EPI_ISL_245774	2
EPI_ISL_164469	2
EPI_ISL_504455	2
EPI_ISL_697649	2
EPI_ISL_707320	2
EPI_ISL_504357	2
EPI_ISL_253984	2
EPI_ISL_157156	2
EPI_ISL_129868	2
EPI_ISL_303872	2
EPI_ISL_191504	2
EPI_ISL_237794	2
EPI_ISL_218604	2
EPI_ISL_278799	2
EPI_ISL_4082035	2
EPI_ISL_282691	2
EPI_ISL_167969	2
EPI_ISL_150884	2
EPI_ISL_161434	2
EPI_ISL_151019	2
EPI_ISL_14224308	2
EPI_ISL_116234	2
EPI_ISL_501669	2
EPI_ISL_130130	2
EPI_ISL_218542	2
EPI_ISL_504435	2
EPI_ISL_164449	2
EPI_ISL_14766975	2
EPI_ISL_116360	2
EPI_ISL_504509	2
EPI_ISL_379328	2
EPI_ISL_133875	2
EPI_ISL_216912	2
EPI_ISL_255996	2
EPI_ISL_132349	2
EPI_ISL_379355	2
EPI_ISL_299188	2
EPI_ISL_29810	2
EPI_ISL_373573	2
EPI_ISL_14749710	2
EPI_ISL_87551	2
EPI_ISL_146854	2
EPI_ISL_707125	2
EPI_ISL_370481	2
EPI_ISL_171301	2
EPI_ISL_218569	2
EPI_ISL_373702	2
EPI_ISL_151253	2
EPI_ISL_164357	2
EPI_ISL_504444	2
EPI_ISL_504545	2
EPI_ISL_207042	2
EPI_ISL_279421	2
EPI_ISL_195237	2
EPI_ISL_161661	2
EPI_ISL_63618	2
EPI_ISL_271716	2
EPI_ISL_129360	2
EPI_ISL_218257	2
EPI_ISL_131261	2
EPI_ISL_503972	2
EPI_ISL_161186	2
EPI_ISL_271730	2
EPI_ISL_379322	2
EPI_ISL_280198	2
EPI_ISL_140907	2
EPI_ISL_504450	2
EPI_ISL_396141	2
EPI_ISL_104806	2
EPI_ISL_282473	2
EPI_ISL_195211	2
EPI_ISL_161426	2
EPI_ISL_245801	2
EPI_ISL_246098	2
EPI_ISL_226067	2
EPI_ISL_218567	2
EPI_ISL_119593	2
EPI_ISL_378655	2
EPI_ISL_277692	2
EPI_ISL_280227	2
EPI_ISL_97140	2
EPI_ISL_130025	2
EPI_ISL_707266	2
EPI_ISL_373690	2
EPI_ISL_285336	2
EPI_ISL_139853	2
EPI_ISL_282518	2
EPI_ISL_171303	2
EPI_ISL_504507	2
EPI_ISL_296261	2
EPI_ISL_14872410	2
EPI_ISL_207070	2
EPI_ISL_218570	2
EPI_ISL_707273	2
EPI_ISL_504532	2
EPI_ISL_133828	2
EPI_ISL_151161	2
EPI_ISL_504384	2
EPI_ISL_14749717	2
EPI_ISL_218233	2
EPI_ISL_14872436	2
EPI_ISL_14749665	2
EPI_ISL_373592	2
EPI_ISL_102544	2
EPI_ISL_162562	2
EPI_ISL_133916	2
EPI_ISL_174209	2
EPI_ISL_378643	2
EPI_ISL_109876	2
EPI_ISL_504457	2
EPI_ISL_327819	2
EPI_ISL_254015	2
EPI_ISL_156335	2
EPI_ISL_195182	2
EPI_ISL_282500	2
EPI_ISL_151699	2
EPI_ISL_295680	2
EPI_ISL_503961	2
EPI_ISL_13923	2
EPI_ISL_151008	2
EPI_ISL_124318	2
EPI_ISL_124316	2
EPI_ISL_142019	2
EPI_ISL_504481	2
EPI_ISL_151018	2
EPI_ISL_14777803	2
EPI_ISL_373582	2
EPI_ISL_67421	2
EPI_ISL_164351	2
EPI_ISL_168299	2
EPI_ISL_148407	2
EPI_ISL_4082024	2
EPI_ISL_278889	2
EPI_ISL_218601	2
EPI_ISL_133835	2
EPI_ISL_379269	2
EPI_ISL_504529	2
EPI_ISL_127727	2
EPI_ISL_393539	2
EPI_ISL_373631	2
EPI_ISL_151013	2
EPI_ISL_225508	2
EPI_ISL_133805	2
EPI_ISL_14755046	2
EPI_ISL_146853	2
EPI_ISL_285949	2
EPI_ISL_124418	2
EPI_ISL_379358	2
EPI_ISL_129368	2
EPI_ISL_503151	2
EPI_ISL_218605	2
EPI_ISL_161143	2
EPI_ISL_282732	2
EPI_ISL_174215	2
EPI_ISL_327826	2
EPI_ISL_503591	2
EPI_ISL_14224243	2
EPI_ISL_243765	2
EPI_ISL_160794	2
EPI_ISL_271049	2
EPI_ISL_133899	2
EPI_ISL_373621	2
EPI_ISL_81524	2
EPI_ISL_281948	2
EPI_ISL_504392	2
EPI_ISL_278842	2
EPI_ISL_256254	2
EPI_ISL_388626	2
EPI_ISL_281875	2
EPI_ISL_218541	2
EPI_ISL_258642	2
EPI_ISL_253982	2
EPI_ISL_14764683	2
EPI_ISL_254017	2
EPI_ISL_277697	2
EPI_ISL_277680	2
EPI_ISL_164446	2
EPI_ISL_207100	2
EPI_ISL_133851	2
EPI_ISL_207097	2
EPI_ISL_137621	2
EPI_ISL_191519	2
EPI_ISL_271741	2
EPI_ISL_515508	2
EPI_ISL_198365	2
EPI_ISL_129527	2
EPI_ISL_83309	2
EPI_ISL_4083577	2
EPI_ISL_504479	2
EPI_ISL_379291	2
EPI_ISL_329081	2
EPI_ISL_282488	2
EPI_ISL_218562	2
EPI_ISL_207116	2
EPI_ISL_396144	2
EPI_ISL_236208	2
EPI_ISL_6908	2
EPI_ISL_399359	2
EPI_ISL_165153	2
EPI_ISL_151613	2
EPI_ISL_504382	2
EPI_ISL_148108	2
EPI_ISL_243769	2
EPI_ISL_504113	2
EPI_ISL_278843	2
EPI_ISL_504461	2
EPI_ISL_281922	2
EPI_ISL_218030	2
EPI_ISL_1716	2
EPI_ISL_379340	2
EPI_ISL_167970	2
EPI_ISL_218049	2
EPI_ISL_218297	2
EPI_ISL_207990	2
EPI_ISL_504174	2
EPI_ISL_4081791	2
EPI_ISL_124312	2
EPI_ISL_207035	2
EPI_ISL_134281	2
EPI_ISL_234677	2
EPI_ISL_207061	2
EPI_ISL_372908	2
EPI_ISL_254016	2
EPI_ISL_4081902	2
EPI_ISL_378617	2
EPI_ISL_174219	2
EPI_ISL_280226	2
EPI_ISL_14749661	2
EPI_ISL_130154	2
EPI_ISL_271050	2
EPI_ISL_14749620	2
EPI_ISL_14873146	2
EPI_ISL_151135	2
EPI_ISL_124246	2
EPI_ISL_253993	2
EPI_ISL_261506	2
EPI_ISL_133912	2
EPI_ISL_280207	2
EPI_ISL_14749655	2
EPI_ISL_373704	2
EPI_ISL_373691	2
EPI_ISL_378619	2
EPI_ISL_271082	2
EPI_ISL_142215	2
EPI_ISL_151603	2
EPI_ISL_261507	2
EPI_ISL_254008	2
EPI_ISL_378588	2
EPI_ISL_282725	2
EPI_ISL_142707	2
EPI_ISL_168319	2
EPI_ISL_14224222	2
EPI_ISL_707112	2
EPI_ISL_207069	2
EPI_ISL_379325	2
EPI_ISL_218270	2
EPI_ISL_207071	2
EPI_ISL_282715	2
EPI_ISL_174204	2
EPI_ISL_4084598	2
EPI_ISL_282700	2
EPI_ISL_6785604	2
EPI_ISL_243757	2
EPI_ISL_195989	2
EPI_ISL_164459	2
EPI_ISL_218573	2
EPI_ISL_696558	2
EPI_ISL_254023	2
EPI_ISL_87553	2
EPI_ISL_116236	2
EPI_ISL_133855	2
EPI_ISL_253999	2
EPI_ISL_156552	2
EPI_ISL_4082288	2
EPI_ISL_218246	2
EPI_ISL_504469	2
EPI_ISL_504516	2
EPI_ISL_282461	2
EPI_ISL_504553	2
EPI_ISL_278869	2
EPI_ISL_136652	2
EPI_ISL_369284	2
EPI_ISL_196031	2
EPI_ISL_373640	2
EPI_ISL_124320	2
EPI_ISL_236207	2
EPI_ISL_218537	2
EPI_ISL_140920	2
EPI_ISL_218535	2
EPI_ISL_174208	2
EPI_ISL_504478	2
EPI_ISL_235739	2
EPI_ISL_93356	2
EPI_ISL_188904	2
EPI_ISL_14872433	2
EPI_ISL_280482	2
EPI_ISL_164346	2
EPI_ISL_373590	2
EPI_ISL_501780	2
EPI_ISL_379343	2
EPI_ISL_218600	2
EPI_ISL_373646	2
EPI_ISL_295527	2
EPI_ISL_504484	2
EPI_ISL_24588	2
EPI_ISL_277694	2
EPI_ISL_24582	2
EPI_ISL_503373	2
EPI_ISL_304045	2
EPI_ISL_387373	2
EPI_ISL_212213	2
EPI_ISL_162681	2
EPI_ISL_132375	2
EPI_ISL_4083568	2
EPI_ISL_281981	2
EPI_ISL_254042	2
EPI_ISL_387842	2
EPI_ISL_254034	2
EPI_ISL_271758	2
EPI_ISL_373683	2
EPI_ISL_130171	2
EPI_ISL_14778340	2
EPI_ISL_282726	2
EPI_ISL_277698	2
EPI_ISL_379336	2
EPI_ISL_218256	2
EPI_ISL_131252	2
EPI_ISL_277699	2
EPI_ISL_707276	2
EPI_ISL_280208	2
EPI_ISL_129359	2
EPI_ISL_230204	2
EPI_ISL_282696	2
EPI_ISL_282727	2
EPI_ISL_195998	2
EPI_ISL_150842	2
EPI_ISL_297174	2
EPI_ISL_373647	2
EPI_ISL_67906	2
EPI_ISL_373572	2
EPI_ISL_14769985	2
EPI_ISL_373633	2
EPI_ISL_504354	2
EPI_ISL_271046	2
EPI_ISL_256260	2
EPI_ISL_373570	2
EPI_ISL_142703	2
EPI_ISL_282520	2
EPI_ISL_116357	2
EPI_ISL_124249	2
EPI_ISL_116356	2
EPI_ISL_218260	2
EPI_ISL_174200	2
EPI_ISL_501283	2
EPI_ISL_504447	2
EPI_ISL_282707	2
EPI_ISL_254044	2
EPI_ISL_133858	2
EPI_ISL_161130	2
EPI_ISL_373610	2
EPI_ISL_379333	2
EPI_ISL_14224590	2
EPI_ISL_4082055	2
EPI_ISL_501675	2
EPI_ISL_379315	2
EPI_ISL_295553	2
EPI_ISL_67417	2
EPI_ISL_504438	2
EPI_ISL_237042	2
EPI_ISL_281311	2
EPI_ISL_195221	2
EPI_ISL_14749621	2
EPI_ISL_164347	2
EPI_ISL_4081702	2
EPI_ISL_280193	2
EPI_ISL_151137	2
EPI_ISL_211812	2
EPI_ISL_236811	2
EPI_ISL_130131	2
EPI_ISL_282063	2
EPI_ISL_195219	2
EPI_ISL_174201	2
EPI_ISL_207064	2
EPI_ISL_236928	2
EPI_ISL_14224323	2
EPI_ISL_151630	2
EPI_ISL_379302	2
EPI_ISL_271663	2
EPI_ISL_263481	2
EPI_ISL_278798	2
EPI_ISL_164456	2
EPI_ISL_207073	2
EPI_ISL_133821	2
EPI_ISL_271058	2
EPI_ISL_504390	2
EPI_ISL_387372	2
EPI_ISL_109877	2
EPI_ISL_282491	2
EPI_ISL_373666	2
EPI_ISL_14755017	2
EPI_ISL_29506	2
EPI_ISL_14769994	2
EPI_ISL_161433	2
EPI_ISL_278900	2
EPI_ISL_147160	2
EPI_ISL_89325	2
EPI_ISL_373682	2
EPI_ISL_139856	2
EPI_ISL_373591	2
EPI_ISL_282486	2
EPI_ISL_278441	2
EPI_ISL_373662	2
EPI_ISL_504446	2
EPI_ISL_254045	2
EPI_ISL_139859	2
EPI_ISL_195192	2
EPI_ISL_139857	2
EPI_ISL_218252	2
EPI_ISL_504543	2
EPI_ISL_142705	2
EPI_ISL_373565	2
EPI_ISL_253652	2
EPI_ISL_134284	2
EPI_ISL_218261	2
EPI_ISL_503966	2
EPI_ISL_133870	2
EPI_ISL_212195	2
EPI_ISL_387953	2
EPI_ISL_103838	2
EPI_ISL_133824	2
EPI_ISL_218043	2
EPI_ISL_373695	2
EPI_ISL_282479	2
EPI_ISL_4083601	2
EPI_ISL_163047	2
EPI_ISL_504495	2
EPI_ISL_151619	2
EPI_ISL_218557	2
EPI_ISL_373586	2
EPI_ISL_133845	2
EPI_ISL_503947	2
EPI_ISL_124041	2
EPI_ISL_504439	2
EPI_ISL_253705	2
EPI_ISL_282724	2
EPI_ISL_149797	2
EPI_ISL_271043	2
EPI_ISL_124337	2
EPI_ISL_207072	2
EPI_ISL_150881	2
EPI_ISL_207171	2
EPI_ISL_173584	2
EPI_ISL_14224378	2
EPI_ISL_151010	2
EPI_ISL_4082016	2
EPI_ISL_271653	2
EPI_ISL_133818	2
EPI_ISL_218242	2
EPI_ISL_379295	2
EPI_ISL_218607	2
EPI_ISL_30590	2
EPI_ISL_161663	2
EPI_ISL_161644	2
EPI_ISL_280190	2
EPI_ISL_237037	2
EPI_ISL_195222	2
EPI_ISL_299526	2
EPI_ISL_4082017	2
EPI_ISL_161645	2
EPI_ISL_255991	2
EPI_ISL_161182	2
EPI_ISL_164477	2
EPI_ISL_218236	2
EPI_ISL_218020	2
EPI_ISL_4081930	2
EPI_ISL_236204	2
EPI_ISL_4081716	2
EPI_ISL_707240	2
EPI_ISL_503620	2
EPI_ISL_207109	2
EPI_ISL_373670	2
EPI_ISL_379357	2
EPI_ISL_140912	2
EPI_ISL_243730	2
EPI_ISL_161139	2
EPI_ISL_164910	2
EPI_ISL_277673	2
EPI_ISL_14224263	2
EPI_ISL_133837	2
EPI_ISL_373705	2
EPI_ISL_180672	2
EPI_ISL_137749	2
EPI_ISL_5136	2
EPI_ISL_373609	2
EPI_ISL_14224363	2
EPI_ISL_133867	2
EPI_ISL_131253	2
EPI_ISL_161648	2
EPI_ISL_235724	2
EPI_ISL_707221	2
EPI_ISL_164908	2
EPI_ISL_373571	2
EPI_ISL_280219	2
EPI_ISL_207058	2
EPI_ISL_254040	2
EPI_ISL_195204	2
EPI_ISL_196102	2
EPI_ISL_150832	2
EPI_ISL_129486	2
EPI_ISL_164450	2
EPI_ISL_504539	2
EPI_ISL_29805	2
EPI_ISL_138218	2
EPI_ISL_124340	2
EPI_ISL_502851	2
EPI_ISL_124319	2
EPI_ISL_165152	2
EPI_ISL_191079	2
EPI_ISL_311326	2
EPI_ISL_504548	2
EPI_ISL_133817	2
EPI_ISL_281983	2
EPI_ISL_213796	2
EPI_ISL_373660	2
EPI_ISL_161181	2
EPI_ISL_14775598	2
EPI_ISL_14224589	2
EPI_ISL_504046	2
EPI_ISL_195216	2
EPI_ISL_133877	2
EPI_ISL_177590	2
EPI_ISL_116361	2
EPI_ISL_14751284	2
EPI_ISL_13217	2
EPI_ISL_504458	2
EPI_ISL_504491	2
EPI_ISL_278856	2
EPI_ISL_373553	2
EPI_ISL_96923	2
EPI_ISL_14224359	2
EPI_ISL_283573	2
EPI_ISL_281954	2
EPI_ISL_280214	2
EPI_ISL_328833	2
EPI_ISL_160789	2
EPI_ISL_504552	2
EPI_ISL_378605	2
EPI_ISL_13925	2
EPI_ISL_174214	2
EPI_ISL_505091	2
EPI_ISL_368784	2
EPI_ISL_281935	2
EPI_ISL_133807	2
EPI_ISL_280191	2
EPI_ISL_161646	2
EPI_ISL_243762	2
EPI_ISL_282744	2
EPI_ISL_162679	2
EPI_ISL_378622	2
EPI_ISL_393546	2
EPI_ISL_207050	2
EPI_ISL_277686	2
EPI_ISL_14778348	2
EPI_ISL_246031	2
EPI_ISL_281960	2
EPI_ISL_504364	2
EPI_ISL_218556	2
EPI_ISL_207047	2
EPI_ISL_379323	2
EPI_ISL_278917	2
EPI_ISL_124324	2
EPI_ISL_504501	2
EPI_ISL_271083	2
EPI_ISL_207032	2
EPI_ISL_14769982	2
EPI_ISL_379740	2
EPI_ISL_124297	2
EPI_ISL_504353	2
EPI_ISL_280256	2
EPI_ISL_282713	2
EPI_ISL_195184	2
EPI_ISL_247093	2
EPI_ISL_4083377	2
EPI_ISL_127584	2
EPI_ISL_504407	2
EPI_ISL_207962	2
EPI_ISL_198162	2
EPI_ISL_280254	2
EPI_ISL_132319	2
EPI_ISL_174197	2
EPI_ISL_504515	2
EPI_ISL_700965	2
EPI_ISL_195215	2
EPI_ISL_127814	2
EPI_ISL_697528	2
EPI_ISL_168411	2
EPI_ISL_14224367	2
EPI_ISL_234573	2
EPI_ISL_282730	2
EPI_ISL_373694	2
EPI_ISL_161664	2
EPI_ISL_254041	2
EPI_ISL_504363	2
EPI_ISL_254005	2
EPI_ISL_218035	2
EPI_ISL_207074	2
EPI_ISL_236196	2
EPI_ISL_218248	2
EPI_ISL_14224204	2
EPI_ISL_504437	2
EPI_ISL_218606	2
EPI_ISL_116349	2
EPI_ISL_179622	2
EPI_ISL_129481	2
EPI_ISL_14777813	2
EPI_ISL_280204	2
EPI_ISL_143190	2
EPI_ISL_14775847	2
EPI_ISL_280235	2
EPI_ISL_255988	2
EPI_ISL_171298	2
EPI_ISL_157604	2
EPI_ISL_207975	2
EPI_ISL_142021	2
EPI_ISL_161430	2
EPI_ISL_218575	2
EPI_ISL_14224398	2
EPI_ISL_280202	2
EPI_ISL_280247	2
EPI_ISL_243751	2
EPI_ISL_171306	2
EPI_ISL_130087	2
EPI_ISL_142701	2
EPI_ISL_504473	2
EPI_ISL_504497	2
EPI_ISL_161649	2
EPI_ISL_164470	2
EPI_ISL_146866	2
EPI_ISL_284721	2
EPI_ISL_504381	2
EPI_ISL_124310	2
EPI_ISL_379346	2
EPI_ISL_282470	2
EPI_ISL_378992	2
EPI_ISL_271640	2
EPI_ISL_236209	2
EPI_ISL_700966	2
EPI_ISL_254018	2
EPI_ISL_707299	2
EPI_ISL_271072	2
EPI_ISL_63633	2
EPI_ISL_134289	2
EPI_ISL_151272	2
EPI_ISL_327823	2
EPI_ISL_504454	2
EPI_ISL_166532	2
EPI_ISL_150829	2
EPI_ISL_230191	2
EPI_ISL_14777887	2
EPI_ISL_515513	2
EPI_ISL_281955	2
EPI_ISL_504079	2
EPI_ISL_504472	2
EPI_ISL_24585	2
EPI_ISL_277695	2
EPI_ISL_504403	2
EPI_ISL_206373	2
EPI_ISL_4081906	2
EPI_ISL_29102	2
EPI_ISL_504522	2
EPI_ISL_218019	2
EPI_ISL_218612	2
EPI_ISL_378974	2
EPI_ISL_282516	2
EPI_ISL_282710	2
EPI_ISL_181115	2
EPI_ISL_6781485	2
EPI_ISL_500718	2
EPI_ISL_254012	2
EPI_ISL_504360	2
EPI_ISL_143198	2
EPI_ISL_504503	2
EPI_ISL_504549	2
EPI_ISL_195991	2
EPI_ISL_207972	2
EPI_ISL_129523	2
EPI_ISL_327825	2
EPI_ISL_146865	2
EPI_ISL_133832	2
EPI_ISL_130049	2
EPI_ISL_124472	2
EPI_ISL_130055	2
EPI_ISL_499263	2
EPI_ISL_373693	2
EPI_ISL_255353	2
EPI_ISL_243787	2
EPI_ISL_139854	2
EPI_ISL_321596	2
EPI_ISL_14224311	2
EPI_ISL_696554	2
EPI_ISL_906143	2
EPI_ISL_280211	2
EPI_ISL_254019	2
EPI_ISL_109894	2
EPI_ISL_373650	2
EPI_ISL_133833	2
EPI_ISL_387841	2
EPI_ISL_133819	2
EPI_ISL_195200	2
EPI_ISL_124051	2
EPI_ISL_207973	2
EPI_ISL_124435	2
EPI_ISL_151020	2
EPI_ISL_277671	2
EPI_ISL_700765	2
EPI_ISL_504514	2
EPI_ISL_282447	2
EPI_ISL_278857	2
EPI_ISL_200936	2
EPI_ISL_504367	2
EPI_ISL_14749619	2
EPI_ISL_282692	2
EPI_ISL_504347	2
EPI_ISL_168403	2
EPI_ISL_373622	2
EPI_ISL_379297	2
EPI_ISL_168325	2
EPI_ISL_133910	2
EPI_ISL_280234	2
EPI_ISL_379281	2
EPI_ISL_335590	2
EPI_ISL_218291	2
EPI_ISL_218031	2
EPI_ISL_164448	2
EPI_ISL_277690	2
EPI_ISL_327824	2
EPI_ISL_236924	2
EPI_ISL_281968	2
EPI_ISL_501281	2
EPI_ISL_373624	2
EPI_ISL_124323	2
EPI_ISL_246038	2
EPI_ISL_5286	2
EPI_ISL_174220	2
EPI_ISL_278855	2
EPI_ISL_14770832	2
EPI_ISL_207080	2
EPI_ISL_139858	2
EPI_ISL_129361	2
EPI_ISL_14775855	2
EPI_ISL_504511	2
EPI_ISL_133841	2
EPI_ISL_504402	2
EPI_ISL_14873218	2
EPI_ISL_253985	2
EPI_ISL_278803	2
EPI_ISL_906141	2
EPI_ISL_207079	2
EPI_ISL_4083615	2
EPI_ISL_140970	2
EPI_ISL_254050	2
EPI_ISL_174444	2
EPI_ISL_151988	2
EPI_ISL_151191	2
EPI_ISL_504500	2
EPI_ISL_130038	2
EPI_ISL_271643	2
EPI_ISL_255994	2
EPI_ISL_207089	2
EPI_ISL_504366	2
EPI_ISL_124338	2
EPI_ISL_195220	2
EPI_ISL_207140	2
EPI_ISL_14224379	2
EPI_ISL_271059	2
EPI_ISL_378657	2
EPI_ISL_373584	2
EPI_ISL_278437	2
EPI_ISL_396975	2
EPI_ISL_134591	2
EPI_ISL_280249	2
EPI_ISL_14224315	2
EPI_ISL_373709	2
EPI_ISL_389843	2
EPI_ISL_133830	2
EPI_ISL_133874	2
EPI_ISL_258650	2
EPI_ISL_103847	2
EPI_ISL_282507	2
EPI_ISL_174203	2
EPI_ISL_271738	2
EPI_ISL_499259	2
EPI_ISL_254038	2
EPI_ISL_504551	2
EPI_ISL_282527	2
EPI_ISL_99174	2
EPI_ISL_218577	2
EPI_ISL_131258	2
EPI_ISL_124317	2
EPI_ISL_505731	2
EPI_ISL_14224349	2
EPI_ISL_234574	2
EPI_ISL_254035	2
EPI_ISL_133836	2
EPI_ISL_151994	2
EPI_ISL_255995	2
EPI_ISL_271039	2
EPI_ISL_13898	2
EPI_ISL_136563	2
EPI_ISL_133806	2
EPI_ISL_280245	2
EPI_ISL_121898	2
EPI_ISL_161432	2
EPI_ISL_378978	2
EPI_ISL_14224320	2
EPI_ISL_373559	2
EPI_ISL_151350	2
EPI_ISL_329654	2
EPI_ISL_271056	2
EPI_ISL_163050	2
EPI_ISL_97128	2
EPI_ISL_501777	2
EPI_ISL_14761061	2
EPI_ISL_280205	2
EPI_ISL_282735	2
EPI_ISL_504374	2
EPI_ISL_14775616	2
EPI_ISL_379378	2
EPI_ISL_282483	2
EPI_ISL_207067	2
EPI_ISL_151605	2
EPI_ISL_174202	2
EPI_ISL_282480	2
EPI_ISL_148312	2
EPI_ISL_161435	2
EPI_ISL_196018	2
EPI_ISL_14224241	2
EPI_ISL_207096	2
EPI_ISL_234572	2
EPI_ISL_271746	2
EPI_ISL_133006	2
EPI_ISL_271665	2
EPI_ISL_151290	2
EPI_ISL_280216	2
EPI_ISL_243728	2
EPI_ISL_1719	2
EPI_ISL_207085	2
EPI_ISL_132337	2
EPI_ISL_505732	2
EPI_ISL_89334	2
EPI_ISL_205067	2
EPI_ISL_379347	2
EPI_ISL_254043	2
EPI_ISL_218240	2
EPI_ISL_207872	2
EPI_ISL_161140	2
EPI_ISL_149811	2
EPI_ISL_150936	2
EPI_ISL_283575	2
EPI_ISL_137552	2
EPI_ISL_282538	2
EPI_ISL_208919	2
EPI_ISL_327833	2
EPI_ISL_373560	2
EPI_ISL_150111	2
EPI_ISL_146017	2
EPI_ISL_181114	2
EPI_ISL_67907	2
EPI_ISL_282482	2
EPI_ISL_399406	2
EPI_ISL_206453	2
EPI_ISL_146093	2
EPI_ISL_253987	2
EPI_ISL_280238	2
EPI_ISL_14749643	2
EPI_ISL_161141	2
EPI_ISL_373661	2
EPI_ISL_218266	2
EPI_ISL_133878	2
EPI_ISL_282709	2
EPI_ISL_4082153	2
EPI_ISL_504528	2
EPI_ISL_164452	2
EPI_ISL_253988	2
EPI_ISL_22865	2
EPI_ISL_168312	2
EPI_ISL_277672	2
EPI_ISL_4083451	2
EPI_ISL_4083617	2
